filename,label,writer_id,folder,source_relative,simple_relative,full_relative,fixed_simple_relative,fixed_full_relative,full_roi_valid,full_foreground_pixels,full_threshold,full_roi_left,full_roi_top,full_roi_right,full_roi_bottom
m1_0_01.jpg,0,m1,0,0/m1_0_01.jpg,processed_simple/0/m1_0_01.pgm,processed_full/0/m1_0_01.pgm,fixed_input/simple/0/m1_0_01.txt,fixed_input/full/0/m1_0_01.txt,1,704,88,32,32,62,83
m1_0_02.jpg,0,m1,0,0/m1_0_02.jpg,processed_simple/0/m1_0_02.pgm,processed_full/0/m1_0_02.pgm,fixed_input/simple/0/m1_0_02.txt,fixed_input/full/0/m1_0_02.txt,1,739,93,33,33,68,80
m1_0_03.jpg,0,m1,0,0/m1_0_03.jpg,processed_simple/0/m1_0_03.pgm,processed_full/0/m1_0_03.pgm,fixed_input/simple/0/m1_0_03.txt,fixed_input/full/0/m1_0_03.txt,1,695,91,32,32,66,81
m1_0_04.jpg,0,m1,0,0/m1_0_04.jpg,processed_simple/0/m1_0_04.pgm,processed_full/0/m1_0_04.pgm,fixed_input/simple/0/m1_0_04.txt,fixed_input/full/0/m1_0_04.txt,1,686,91,32,33,66,82
m1_0_05.jpg,0,m1,0,0/m1_0_05.jpg,processed_simple/0/m1_0_05.pgm,processed_full/0/m1_0_05.pgm,fixed_input/simple/0/m1_0_05.txt,fixed_input/full/0/m1_0_05.txt,1,775,89,33,32,67,83
m1_1_01.jpg,1,m1,1,1/m1_1_01.jpg,processed_simple/1/m1_1_01.pgm,processed_full/1/m1_1_01.pgm,fixed_input/simple/1/m1_1_01.txt,fixed_input/full/1/m1_1_01.txt,1,714,105,32,32,69,93
m1_1_02.jpg,1,m1,1,1/m1_1_02.jpg,processed_simple/1/m1_1_02.pgm,processed_full/1/m1_1_02.pgm,fixed_input/simple/1/m1_1_02.txt,fixed_input/full/1/m1_1_02.txt,1,317,108,33,33,43,81
m1_1_03.jpg,1,m1,1,1/m1_1_03.jpg,processed_simple/1/m1_1_03.pgm,processed_full/1/m1_1_03.pgm,fixed_input/simple/1/m1_1_03.txt,fixed_input/full/1/m1_1_03.txt,1,373,104,32,32,46,82
m1_1_04.jpg,1,m1,1,1/m1_1_04.jpg,processed_simple/1/m1_1_04.pgm,processed_full/1/m1_1_04.pgm,fixed_input/simple/1/m1_1_04.txt,fixed_input/full/1/m1_1_04.txt,1,330,103,32,32,41,83
m1_1_05.jpg,1,m1,1,1/m1_1_05.jpg,processed_simple/1/m1_1_05.pgm,processed_full/1/m1_1_05.pgm,fixed_input/simple/1/m1_1_05.txt,fixed_input/full/1/m1_1_05.txt,1,363,100,16,32,45,97
m1_2_01.jpg,2,m1,2,2/m1_2_01.jpg,processed_simple/2/m1_2_01.pgm,processed_full/2/m1_2_01.pgm,fixed_input/simple/2/m1_2_01.txt,fixed_input/full/2/m1_2_01.txt,1,673,103,33,32,81,71
m1_2_02.jpg,2,m1,2,2/m1_2_02.jpg,processed_simple/2/m1_2_02.pgm,processed_full/2/m1_2_02.pgm,fixed_input/simple/2/m1_2_02.txt,fixed_input/full/2/m1_2_02.txt,1,690,105,32,32,83,79
m1_2_03.jpg,2,m1,2,2/m1_2_03.jpg,processed_simple/2/m1_2_03.pgm,processed_full/2/m1_2_03.pgm,fixed_input/simple/2/m1_2_03.txt,fixed_input/full/2/m1_2_03.txt,1,828,104,33,32,84,94
m1_2_04.jpg,2,m1,2,2/m1_2_04.jpg,processed_simple/2/m1_2_04.pgm,processed_full/2/m1_2_04.pgm,fixed_input/simple/2/m1_2_04.txt,fixed_input/full/2/m1_2_04.txt,1,702,100,32,32,85,77
m1_2_05.jpg,2,m1,2,2/m1_2_05.jpg,processed_simple/2/m1_2_05.pgm,processed_full/2/m1_2_05.pgm,fixed_input/simple/2/m1_2_05.txt,fixed_input/full/2/m1_2_05.txt,1,567,96,32,32,77,78
m1_3_01.jpg,3,m1,3,3/m1_3_01.jpg,processed_simple/3/m1_3_01.pgm,processed_full/3/m1_3_01.pgm,fixed_input/simple/3/m1_3_01.txt,fixed_input/full/3/m1_3_01.txt,1,903,102,32,32,84,105
m1_3_02.jpg,3,m1,3,3/m1_3_02.jpg,processed_simple/3/m1_3_02.pgm,processed_full/3/m1_3_02.pgm,fixed_input/simple/3/m1_3_02.txt,fixed_input/full/3/m1_3_02.txt,1,776,101,32,32,68,99
m1_3_03.jpg,3,m1,3,3/m1_3_03.jpg,processed_simple/3/m1_3_03.pgm,processed_full/3/m1_3_03.pgm,fixed_input/simple/3/m1_3_03.txt,fixed_input/full/3/m1_3_03.txt,1,815,103,32,32,67,104
m1_3_04.jpg,3,m1,3,3/m1_3_04.jpg,processed_simple/3/m1_3_04.pgm,processed_full/3/m1_3_04.pgm,fixed_input/simple/3/m1_3_04.txt,fixed_input/full/3/m1_3_04.txt,1,680,95,32,32,69,89
m1_3_05.jpg,3,m1,3,3/m1_3_05.jpg,processed_simple/3/m1_3_05.pgm,processed_full/3/m1_3_05.pgm,fixed_input/simple/3/m1_3_05.txt,fixed_input/full/3/m1_3_05.txt,1,608,93,33,33,67,103
m1_4_01.jpg,4,m1,4,4/m1_4_01.jpg,processed_simple/4/m1_4_01.pgm,processed_full/4/m1_4_01.pgm,fixed_input/simple/4/m1_4_01.txt,fixed_input/full/4/m1_4_01.txt,1,885,99,33,33,83,95
m1_4_02.jpg,4,m1,4,4/m1_4_02.jpg,processed_simple/4/m1_4_02.pgm,processed_full/4/m1_4_02.pgm,fixed_input/simple/4/m1_4_02.txt,fixed_input/full/4/m1_4_02.txt,1,912,102,33,32,83,102
m1_4_03.jpg,4,m1,4,4/m1_4_03.jpg,processed_simple/4/m1_4_03.pgm,processed_full/4/m1_4_03.pgm,fixed_input/simple/4/m1_4_03.txt,fixed_input/full/4/m1_4_03.txt,1,1009,97,32,33,84,100
m1_4_04.jpg,4,m1,4,4/m1_4_04.jpg,processed_simple/4/m1_4_04.pgm,processed_full/4/m1_4_04.pgm,fixed_input/simple/4/m1_4_04.txt,fixed_input/full/4/m1_4_04.txt,1,849,91,33,33,83,98
m1_4_05.jpg,4,m1,4,4/m1_4_05.jpg,processed_simple/4/m1_4_05.pgm,processed_full/4/m1_4_05.pgm,fixed_input/simple/4/m1_4_05.txt,fixed_input/full/4/m1_4_05.txt,1,897,89,32,33,80,105
m1_5_01.jpg,5,m1,5,5/m1_5_01.jpg,processed_simple/5/m1_5_01.pgm,processed_full/5/m1_5_01.pgm,fixed_input/simple/5/m1_5_01.txt,fixed_input/full/5/m1_5_01.txt,1,921,99,33,33,84,93
m1_5_02.jpg,5,m1,5,5/m1_5_02.jpg,processed_simple/5/m1_5_02.pgm,processed_full/5/m1_5_02.pgm,fixed_input/simple/5/m1_5_02.txt,fixed_input/full/5/m1_5_02.txt,1,947,97,32,32,84,93
m1_5_03.jpg,5,m1,5,5/m1_5_03.jpg,processed_simple/5/m1_5_03.pgm,processed_full/5/m1_5_03.pgm,fixed_input/simple/5/m1_5_03.txt,fixed_input/full/5/m1_5_03.txt,1,879,96,33,33,86,87
m1_5_04.jpg,5,m1,5,5/m1_5_04.jpg,processed_simple/5/m1_5_04.pgm,processed_full/5/m1_5_04.pgm,fixed_input/simple/5/m1_5_04.txt,fixed_input/full/5/m1_5_04.txt,1,792,92,32,32,74,92
m1_5_05.jpg,5,m1,5,5/m1_5_05.jpg,processed_simple/5/m1_5_05.pgm,processed_full/5/m1_5_05.pgm,fixed_input/simple/5/m1_5_05.txt,fixed_input/full/5/m1_5_05.txt,1,741,88,33,32,82,87
m1_6_01.jpg,6,m1,6,6/m1_6_01.jpg,processed_simple/6/m1_6_01.pgm,processed_full/6/m1_6_01.pgm,fixed_input/simple/6/m1_6_01.txt,fixed_input/full/6/m1_6_01.txt,1,779,96,32,32,64,107
m1_6_02.jpg,6,m1,6,6/m1_6_02.jpg,processed_simple/6/m1_6_02.pgm,processed_full/6/m1_6_02.pgm,fixed_input/simple/6/m1_6_02.txt,fixed_input/full/6/m1_6_02.txt,1,904,94,32,33,72,100
m1_6_03.jpg,6,m1,6,6/m1_6_03.jpg,processed_simple/6/m1_6_03.pgm,processed_full/6/m1_6_03.pgm,fixed_input/simple/6/m1_6_03.txt,fixed_input/full/6/m1_6_03.txt,1,761,94,33,33,67,91
m1_6_04.jpg,6,m1,6,6/m1_6_04.jpg,processed_simple/6/m1_6_04.pgm,processed_full/6/m1_6_04.pgm,fixed_input/simple/6/m1_6_04.txt,fixed_input/full/6/m1_6_04.txt,1,750,89,33,32,70,93
m1_6_05.jpg,6,m1,6,6/m1_6_05.jpg,processed_simple/6/m1_6_05.pgm,processed_full/6/m1_6_05.pgm,fixed_input/simple/6/m1_6_05.txt,fixed_input/full/6/m1_6_05.txt,1,711,88,32,33,66,93
m1_7_01.jpg,7,m1,7,7/m1_7_01.jpg,processed_simple/7/m1_7_01.pgm,processed_full/7/m1_7_01.pgm,fixed_input/simple/7/m1_7_01.txt,fixed_input/full/7/m1_7_01.txt,1,669,93,32,33,74,98
m1_7_02.jpg,7,m1,7,7/m1_7_02.jpg,processed_simple/7/m1_7_02.pgm,processed_full/7/m1_7_02.pgm,fixed_input/simple/7/m1_7_02.txt,fixed_input/full/7/m1_7_02.txt,1,769,95,32,32,79,92
m1_7_03.jpg,7,m1,7,7/m1_7_03.jpg,processed_simple/7/m1_7_03.pgm,processed_full/7/m1_7_03.pgm,fixed_input/simple/7/m1_7_03.txt,fixed_input/full/7/m1_7_03.txt,1,708,91,32,32,76,88
m1_7_04.jpg,7,m1,7,7/m1_7_04.jpg,processed_simple/7/m1_7_04.pgm,processed_full/7/m1_7_04.pgm,fixed_input/simple/7/m1_7_04.txt,fixed_input/full/7/m1_7_04.txt,1,645,91,33,32,72,88
m1_7_05.jpg,7,m1,7,7/m1_7_05.jpg,processed_simple/7/m1_7_05.pgm,processed_full/7/m1_7_05.pgm,fixed_input/simple/7/m1_7_05.txt,fixed_input/full/7/m1_7_05.txt,1,710,88,32,33,77,95
m1_8_01.jpg,8,m1,8,8/m1_8_01.jpg,processed_simple/8/m1_8_01.pgm,processed_full/8/m1_8_01.pgm,fixed_input/simple/8/m1_8_01.txt,fixed_input/full/8/m1_8_01.txt,1,1179,90,32,32,93,93
m1_8_02.jpg,8,m1,8,8/m1_8_02.jpg,processed_simple/8/m1_8_02.pgm,processed_full/8/m1_8_02.pgm,fixed_input/simple/8/m1_8_02.txt,fixed_input/full/8/m1_8_02.txt,1,1154,94,32,32,80,98
m1_8_03.jpg,8,m1,8,8/m1_8_03.jpg,processed_simple/8/m1_8_03.pgm,processed_full/8/m1_8_03.pgm,fixed_input/simple/8/m1_8_03.txt,fixed_input/full/8/m1_8_03.txt,1,1036,92,33,33,91,91
m1_8_04.jpg,8,m1,8,8/m1_8_04.jpg,processed_simple/8/m1_8_04.pgm,processed_full/8/m1_8_04.pgm,fixed_input/simple/8/m1_8_04.txt,fixed_input/full/8/m1_8_04.txt,1,1057,89,32,32,83,99
m1_8_05.jpg,8,m1,8,8/m1_8_05.jpg,processed_simple/8/m1_8_05.pgm,processed_full/8/m1_8_05.pgm,fixed_input/simple/8/m1_8_05.txt,fixed_input/full/8/m1_8_05.txt,1,932,87,33,32,80,90
m1_9_01.jpg,9,m1,9,9/m1_9_01.jpg,processed_simple/9/m1_9_01.pgm,processed_full/9/m1_9_01.pgm,fixed_input/simple/9/m1_9_01.txt,fixed_input/full/9/m1_9_01.txt,1,1032,89,32,32,77,102
m1_9_02.jpg,9,m1,9,9/m1_9_02.jpg,processed_simple/9/m1_9_02.pgm,processed_full/9/m1_9_02.pgm,fixed_input/simple/9/m1_9_02.txt,fixed_input/full/9/m1_9_02.txt,1,1075,94,33,33,81,112
m1_9_03.jpg,9,m1,9,9/m1_9_03.jpg,processed_simple/9/m1_9_03.pgm,processed_full/9/m1_9_03.pgm,fixed_input/simple/9/m1_9_03.txt,fixed_input/full/9/m1_9_03.txt,1,945,91,32,32,78,93
m1_9_04.jpg,9,m1,9,9/m1_9_04.jpg,processed_simple/9/m1_9_04.pgm,processed_full/9/m1_9_04.pgm,fixed_input/simple/9/m1_9_04.txt,fixed_input/full/9/m1_9_04.txt,1,932,88,33,32,79,89
m1_9_05.jpg,9,m1,9,9/m1_9_05.jpg,processed_simple/9/m1_9_05.pgm,processed_full/9/m1_9_05.pgm,fixed_input/simple/9/m1_9_05.txt,fixed_input/full/9/m1_9_05.txt,1,880,88,32,22,75,89
m6_0_01.png,0,m6,0,0/m6_0_01.png,processed_simple/0/m6_0_01.pgm,processed_full/0/m6_0_01.pgm,fixed_input/simple/0/m6_0_01.txt,fixed_input/full/0/m6_0_01.txt,1,3875,127,123,70,210,179
m6_0_02.png,0,m6,0,0/m6_0_02.png,processed_simple/0/m6_0_02.pgm,processed_full/0/m6_0_02.pgm,fixed_input/simple/0/m6_0_02.txt,fixed_input/full/0/m6_0_02.txt,1,2948,123,84,62,165,150
m6_0_03.png,0,m6,0,0/m6_0_03.png,processed_simple/0/m6_0_03.pgm,processed_full/0/m6_0_03.pgm,fixed_input/simple/0/m6_0_03.txt,fixed_input/full/0/m6_0_03.txt,1,2876,122,107,75,174,160
m6_0_04.png,0,m6,0,0/m6_0_04.png,processed_simple/0/m6_0_04.pgm,processed_full/0/m6_0_04.pgm,fixed_input/simple/0/m6_0_04.txt,fixed_input/full/0/m6_0_04.txt,1,3336,120,85,59,164,162
m6_0_05.png,0,m6,0,0/m6_0_05.png,processed_simple/0/m6_0_05.pgm,processed_full/0/m6_0_05.pgm,fixed_input/simple/0/m6_0_05.txt,fixed_input/full/0/m6_0_05.txt,1,2851,124,155,75,224,166
m6_1_01.png,1,m6,1,1/m6_1_01.png,processed_simple/1/m6_1_01.pgm,processed_full/1/m6_1_01.pgm,fixed_input/simple/1/m6_1_01.txt,fixed_input/full/1/m6_1_01.txt,1,1341,123,203,76,228,188
m6_1_02.png,1,m6,1,1/m6_1_02.png,processed_simple/1/m6_1_02.pgm,processed_full/1/m6_1_02.pgm,fixed_input/simple/1/m6_1_02.txt,fixed_input/full/1/m6_1_02.txt,1,1516,127,36,119,195,226
m6_1_03.png,1,m6,1,1/m6_1_03.png,processed_simple/1/m6_1_03.pgm,processed_full/1/m6_1_03.pgm,fixed_input/simple/1/m6_1_03.txt,fixed_input/full/1/m6_1_03.txt,1,1958,131,137,68,159,203
m6_1_04.png,1,m6,1,1/m6_1_04.png,processed_simple/1/m6_1_04.pgm,processed_full/1/m6_1_04.pgm,fixed_input/simple/1/m6_1_04.txt,fixed_input/full/1/m6_1_04.txt,1,2030,128,131,77,153,221
m6_1_05.png,1,m6,1,1/m6_1_05.png,processed_simple/1/m6_1_05.pgm,processed_full/1/m6_1_05.pgm,fixed_input/simple/1/m6_1_05.txt,fixed_input/full/1/m6_1_05.txt,1,2136,130,148,59,168,234
m6_2_01.png,2,m6,2,2/m6_2_01.png,processed_simple/2/m6_2_01.pgm,processed_full/2/m6_2_01.pgm,fixed_input/simple/2/m6_2_01.txt,fixed_input/full/2/m6_2_01.txt,1,2546,127,153,54,249,141
m6_2_02.png,2,m6,2,2/m6_2_02.png,processed_simple/2/m6_2_02.pgm,processed_full/2/m6_2_02.pgm,fixed_input/simple/2/m6_2_02.txt,fixed_input/full/2/m6_2_02.txt,1,2477,126,110,56,209,145
m6_2_03.png,2,m6,2,2/m6_2_03.png,processed_simple/2/m6_2_03.pgm,processed_full/2/m6_2_03.pgm,fixed_input/simple/2/m6_2_03.txt,fixed_input/full/2/m6_2_03.txt,1,2696,128,130,69,205,172
m6_2_04.png,2,m6,2,2/m6_2_04.png,processed_simple/2/m6_2_04.pgm,processed_full/2/m6_2_04.pgm,fixed_input/simple/2/m6_2_04.txt,fixed_input/full/2/m6_2_04.txt,1,2449,126,68,76,168,164
m6_2_05.png,2,m6,2,2/m6_2_05.png,processed_simple/2/m6_2_05.pgm,processed_full/2/m6_2_05.pgm,fixed_input/simple/2/m6_2_05.txt,fixed_input/full/2/m6_2_05.txt,1,2631,127,107,93,194,182
m6_3_01.png,3,m6,3,3/m6_3_01.png,processed_simple/3/m6_3_01.pgm,processed_full/3/m6_3_01.pgm,fixed_input/simple/3/m6_3_01.txt,fixed_input/full/3/m6_3_01.txt,1,3242,127,108,104,176,248
m6_3_02.png,3,m6,3,3/m6_3_02.png,processed_simple/3/m6_3_02.pgm,processed_full/3/m6_3_02.pgm,fixed_input/simple/3/m6_3_02.txt,fixed_input/full/3/m6_3_02.txt,1,3580,127,73,110,139,272
m6_3_03.png,3,m6,3,3/m6_3_03.png,processed_simple/3/m6_3_03.pgm,processed_full/3/m6_3_03.pgm,fixed_input/simple/3/m6_3_03.txt,fixed_input/full/3/m6_3_03.txt,1,3317,127,89,70,140,262
m6_3_04.png,3,m6,3,3/m6_3_04.png,processed_simple/3/m6_3_04.pgm,processed_full/3/m6_3_04.pgm,fixed_input/simple/3/m6_3_04.txt,fixed_input/full/3/m6_3_04.txt,1,3614,128,93,6,171,257
m6_3_05.png,3,m6,3,3/m6_3_05.png,processed_simple/3/m6_3_05.pgm,processed_full/3/m6_3_05.pgm,fixed_input/simple/3/m6_3_05.txt,fixed_input/full/3/m6_3_05.txt,1,3182,128,108,108,171,267
m6_4_01.png,4,m6,4,4/m6_4_01.png,processed_simple/4/m6_4_01.pgm,processed_full/4/m6_4_01.pgm,fixed_input/simple/4/m6_4_01.txt,fixed_input/full/4/m6_4_01.txt,1,4976,127,102,104,217,277
m6_4_02.png,4,m6,4,4/m6_4_02.png,processed_simple/4/m6_4_02.pgm,processed_full/4/m6_4_02.pgm,fixed_input/simple/4/m6_4_02.txt,fixed_input/full/4/m6_4_02.txt,1,4923,127,54,116,178,292
m6_4_03.png,4,m6,4,4/m6_4_03.png,processed_simple/4/m6_4_03.pgm,processed_full/4/m6_4_03.pgm,fixed_input/simple/4/m6_4_03.txt,fixed_input/full/4/m6_4_03.txt,1,5048,128,41,125,154,316
m6_4_04.png,4,m6,4,4/m6_4_04.png,processed_simple/4/m6_4_04.pgm,processed_full/4/m6_4_04.pgm,fixed_input/simple/4/m6_4_04.txt,fixed_input/full/4/m6_4_04.txt,1,4842,128,73,86,171,244
m6_4_05.png,4,m6,4,4/m6_4_05.png,processed_simple/4/m6_4_05.pgm,processed_full/4/m6_4_05.pgm,fixed_input/simple/4/m6_4_05.txt,fixed_input/full/4/m6_4_05.txt,1,4382,128,61,104,161,264
m6_5_01.png,5,m6,5,5/m6_5_01.png,processed_simple/5/m6_5_01.pgm,processed_full/5/m6_5_01.pgm,fixed_input/simple/5/m6_5_01.txt,fixed_input/full/5/m6_5_01.txt,1,2599,126,91,98,168,217
m6_5_02.png,5,m6,5,5/m6_5_02.png,processed_simple/5/m6_5_02.pgm,processed_full/5/m6_5_02.pgm,fixed_input/simple/5/m6_5_02.txt,fixed_input/full/5/m6_5_02.txt,1,2677,127,69,109,140,225
m6_5_03.png,5,m6,5,5/m6_5_03.png,processed_simple/5/m6_5_03.pgm,processed_full/5/m6_5_03.pgm,fixed_input/simple/5/m6_5_03.txt,fixed_input/full/5/m6_5_03.txt,1,3103,128,65,95,170,214
m6_5_04.png,5,m6,5,5/m6_5_04.png,processed_simple/5/m6_5_04.pgm,processed_full/5/m6_5_04.pgm,fixed_input/simple/5/m6_5_04.txt,fixed_input/full/5/m6_5_04.txt,1,2778,133,83,112,160,226
m6_5_05.png,5,m6,5,5/m6_5_05.png,processed_simple/5/m6_5_05.pgm,processed_full/5/m6_5_05.pgm,fixed_input/simple/5/m6_5_05.txt,fixed_input/full/5/m6_5_05.txt,1,3458,127,55,62,128,222
m6_6_01.png,6,m6,6,6/m6_6_01.png,processed_simple/6/m6_6_01.pgm,processed_full/6/m6_6_01.pgm,fixed_input/simple/6/m6_6_01.txt,fixed_input/full/6/m6_6_01.txt,1,3597,127,98,136,166,280
m6_6_02.png,6,m6,6,6/m6_6_02.png,processed_simple/6/m6_6_02.pgm,processed_full/6/m6_6_02.pgm,fixed_input/simple/6/m6_6_02.txt,fixed_input/full/6/m6_6_02.txt,1,3196,127,6,2,152,323
m6_6_03.png,6,m6,6,6/m6_6_03.png,processed_simple/6/m6_6_03.pgm,processed_full/6/m6_6_03.pgm,fixed_input/simple/6/m6_6_03.txt,fixed_input/full/6/m6_6_03.txt,1,3491,127,102,113,164,251
m6_6_04.png,6,m6,6,6/m6_6_04.png,processed_simple/6/m6_6_04.pgm,processed_full/6/m6_6_04.pgm,fixed_input/simple/6/m6_6_04.txt,fixed_input/full/6/m6_6_04.txt,1,3254,127,81,106,130,263
m6_6_05.png,6,m6,6,6/m6_6_05.png,processed_simple/6/m6_6_05.pgm,processed_full/6/m6_6_05.pgm,fixed_input/simple/6/m6_6_05.txt,fixed_input/full/6/m6_6_05.txt,1,3570,127,76,133,144,271
m6_7_01.png,7,m6,7,7/m6_7_01.png,processed_simple/7/m6_7_01.pgm,processed_full/7/m6_7_01.pgm,fixed_input/simple/7/m6_7_01.txt,fixed_input/full/7/m6_7_01.txt,1,1892,128,75,104,150,200
m6_7_02.png,7,m6,7,7/m6_7_02.png,processed_simple/7/m6_7_02.pgm,processed_full/7/m6_7_02.pgm,fixed_input/simple/7/m6_7_02.txt,fixed_input/full/7/m6_7_02.txt,1,2675,125,55,97,130,234
m6_7_03.png,7,m6,7,7/m6_7_03.png,processed_simple/7/m6_7_03.pgm,processed_full/7/m6_7_03.pgm,fixed_input/simple/7/m6_7_03.txt,fixed_input/full/7/m6_7_03.txt,1,2959,130,39,104,137,243
m6_7_04.png,7,m6,7,7/m6_7_04.png,processed_simple/7/m6_7_04.pgm,processed_full/7/m6_7_04.pgm,fixed_input/simple/7/m6_7_04.txt,fixed_input/full/7/m6_7_04.txt,1,2338,127,82,104,160,227
m6_7_05.png,7,m6,7,7/m6_7_05.png,processed_simple/7/m6_7_05.pgm,processed_full/7/m6_7_05.pgm,fixed_input/simple/7/m6_7_05.txt,fixed_input/full/7/m6_7_05.txt,1,2622,132,87,84,162,224
m6_8_01.png,8,m6,8,8/m6_8_01.png,processed_simple/8/m6_8_01.pgm,processed_full/8/m6_8_01.pgm,fixed_input/simple/8/m6_8_01.txt,fixed_input/full/8/m6_8_01.txt,1,4176,128,94,69,174,195
m6_8_02.png,8,m6,8,8/m6_8_02.png,processed_simple/8/m6_8_02.pgm,processed_full/8/m6_8_02.pgm,fixed_input/simple/8/m6_8_02.txt,fixed_input/full/8/m6_8_02.txt,1,4037,128,87,101,158,229
m6_8_03.png,8,m6,8,8/m6_8_03.png,processed_simple/8/m6_8_03.pgm,processed_full/8/m6_8_03.pgm,fixed_input/simple/8/m6_8_03.txt,fixed_input/full/8/m6_8_03.txt,1,4552,128,61,125,162,265
m6_8_04.png,8,m6,8,8/m6_8_04.png,processed_simple/8/m6_8_04.pgm,processed_full/8/m6_8_04.pgm,fixed_input/simple/8/m6_8_04.txt,fixed_input/full/8/m6_8_04.txt,1,4664,130,89,104,185,236
m6_8_05.png,8,m6,8,8/m6_8_05.png,processed_simple/8/m6_8_05.pgm,processed_full/8/m6_8_05.pgm,fixed_input/simple/8/m6_8_05.txt,fixed_input/full/8/m6_8_05.txt,1,4565,126,52,59,185,232
m6_9_01.png,9,m6,9,9/m6_9_01.png,processed_simple/9/m6_9_01.pgm,processed_full/9/m6_9_01.pgm,fixed_input/simple/9/m6_9_01.txt,fixed_input/full/9/m6_9_01.txt,1,3397,123,101,76,171,238
m6_9_02.png,9,m6,9,9/m6_9_02.png,processed_simple/9/m6_9_02.pgm,processed_full/9/m6_9_02.pgm,fixed_input/simple/9/m6_9_02.txt,fixed_input/full/9/m6_9_02.txt,1,3909,127,60,79,135,238
m6_9_03.png,9,m6,9,9/m6_9_03.png,processed_simple/9/m6_9_03.pgm,processed_full/9/m6_9_03.pgm,fixed_input/simple/9/m6_9_03.txt,fixed_input/full/9/m6_9_03.txt,1,3531,128,74,90,140,257
m6_9_04.png,9,m6,9,9/m6_9_04.png,processed_simple/9/m6_9_04.pgm,processed_full/9/m6_9_04.pgm,fixed_input/simple/9/m6_9_04.txt,fixed_input/full/9/m6_9_04.txt,1,4119,121,63,103,141,287
m6_9_05.png,9,m6,9,9/m6_9_05.png,processed_simple/9/m6_9_05.pgm,processed_full/9/m6_9_05.pgm,fixed_input/simple/9/m6_9_05.txt,fixed_input/full/9/m6_9_05.txt,1,3480,126,90,108,154,258
m8_0_01.jpg,0,m8,0,0/m8_0_01.jpg,processed_simple/0/m8_0_01.pgm,processed_full/0/m8_0_01.pgm,fixed_input/simple/0/m8_0_01.txt,fixed_input/full/0/m8_0_01.txt,1,25465,146,53,52,333,427
m8_1_01.jpg,1,m8,1,1/m8_1_01.jpg,processed_simple/1/m8_1_01.pgm,processed_full/1/m8_1_01.pgm,fixed_input/simple/1/m8_1_01.txt,fixed_input/full/1/m8_1_01.txt,1,9703,155,47,48,165,432
m8_2_01.jpg,2,m8,2,2/m8_2_01.jpg,processed_simple/2/m8_2_01.pgm,processed_full/2/m8_2_01.pgm,fixed_input/simple/2/m8_2_01.txt,fixed_input/full/2/m8_2_01.txt,1,19682,153,47,46,314,434
m8_3_01.jpg,3,m8,3,3/m8_3_01.jpg,processed_simple/3/m8_3_01.pgm,processed_full/3/m8_3_01.pgm,fixed_input/simple/3/m8_3_01.txt,fixed_input/full/3/m8_3_01.txt,1,19887,146,53,52,327,426
m8_4_01.jpg,4,m8,4,4/m8_4_01.jpg,processed_simple/4/m8_4_01.pgm,processed_full/4/m8_4_01.pgm,fixed_input/simple/4/m8_4_01.txt,fixed_input/full/4/m8_4_01.txt,1,15042,156,38,38,302,440
m8_5_01.jpg,5,m8,5,5/m8_5_01.jpg,processed_simple/5/m8_5_01.pgm,processed_full/5/m8_5_01.pgm,fixed_input/simple/5/m8_5_01.txt,fixed_input/full/5/m8_5_01.txt,1,19997,142,46,46,332,434
m8_6_01.jpg,6,m8,6,6/m8_6_01.jpg,processed_simple/6/m8_6_01.pgm,processed_full/6/m8_6_01.pgm,fixed_input/simple/6/m8_6_01.txt,fixed_input/full/6/m8_6_01.txt,1,18880,147,47,46,240,432
m8_7_01.jpg,7,m8,7,7/m8_7_01.jpg,processed_simple/7/m8_7_01.pgm,processed_full/7/m8_7_01.pgm,fixed_input/simple/7/m8_7_01.txt,fixed_input/full/7/m8_7_01.txt,1,15546,142,43,43,321,435
m8_8_01.jpg,8,m8,8,8/m8_8_01.jpg,processed_simple/8/m8_8_01.pgm,processed_full/8/m8_8_01.pgm,fixed_input/simple/8/m8_8_01.txt,fixed_input/full/8/m8_8_01.txt,1,23441,145,45,44,231,435
m8_9_01.jpg,9,m8,9,9/m8_9_01.jpg,processed_simple/9/m8_9_01.pgm,processed_full/9/m8_9_01.pgm,fixed_input/simple/9/m8_9_01.txt,fixed_input/full/9/m8_9_01.txt,1,17461,143,39,39,210,440
m8_0_02.png,0,m8,0,0/m8_0_02.png,processed_simple/0/m8_0_02.pgm,processed_full/0/m8_0_02.pgm,fixed_input/simple/0/m8_0_02.txt,fixed_input/full/0/m8_0_02.txt,1,3718,118,125,60,214,208
m8_0_03.png,0,m8,0,0/m8_0_03.png,processed_simple/0/m8_0_03.pgm,processed_full/0/m8_0_03.pgm,fixed_input/simple/0/m8_0_03.txt,fixed_input/full/0/m8_0_03.txt,1,3302,114,129,63,210,203
m8_0_04.png,0,m8,0,0/m8_0_04.png,processed_simple/0/m8_0_04.pgm,processed_full/0/m8_0_04.pgm,fixed_input/simple/0/m8_0_04.txt,fixed_input/full/0/m8_0_04.txt,1,4111,117,122,61,214,214
m8_0_05.png,0,m8,0,0/m8_0_05.png,processed_simple/0/m8_0_05.pgm,processed_full/0/m8_0_05.pgm,fixed_input/simple/0/m8_0_05.txt,fixed_input/full/0/m8_0_05.txt,1,3835,116,121,69,212,203
m8_1_02.png,1,m8,1,1/m8_1_02.png,processed_simple/1/m8_1_02.pgm,processed_full/1/m8_1_02.pgm,fixed_input/simple/1/m8_1_02.txt,fixed_input/full/1/m8_1_02.txt,1,1508,111,153,67,189,198
m8_1_03.png,1,m8,1,1/m8_1_03.png,processed_simple/1/m8_1_03.pgm,processed_full/1/m8_1_03.pgm,fixed_input/simple/1/m8_1_03.txt,fixed_input/full/1/m8_1_03.txt,1,2697,113,137,64,201,206
m8_1_04.png,1,m8,1,1/m8_1_04.png,processed_simple/1/m8_1_04.pgm,processed_full/1/m8_1_04.pgm,fixed_input/simple/1/m8_1_04.txt,fixed_input/full/1/m8_1_04.txt,1,2216,114,59,56,185,270
m8_1_05.png,1,m8,1,1/m8_1_05.png,processed_simple/1/m8_1_05.pgm,processed_full/1/m8_1_05.pgm,fixed_input/simple/1/m8_1_05.txt,fixed_input/full/1/m8_1_05.txt,1,1798,112,162,64,182,211
m8_2_02.png,2,m8,2,2/m8_2_02.png,processed_simple/2/m8_2_02.pgm,processed_full/2/m8_2_02.pgm,fixed_input/simple/2/m8_2_02.txt,fixed_input/full/2/m8_2_02.txt,1,2849,120,117,76,223,188
m8_2_03.png,2,m8,2,2/m8_2_03.png,processed_simple/2/m8_2_03.pgm,processed_full/2/m8_2_03.pgm,fixed_input/simple/2/m8_2_03.txt,fixed_input/full/2/m8_2_03.txt,1,3516,116,110,56,225,215
m8_2_04.png,2,m8,2,2/m8_2_04.png,processed_simple/2/m8_2_04.pgm,processed_full/2/m8_2_04.pgm,fixed_input/simple/2/m8_2_04.txt,fixed_input/full/2/m8_2_04.txt,1,3416,117,101,80,234,190
m8_2_05.png,2,m8,2,2/m8_2_05.png,processed_simple/2/m8_2_05.pgm,processed_full/2/m8_2_05.pgm,fixed_input/simple/2/m8_2_05.txt,fixed_input/full/2/m8_2_05.txt,1,3713,113,112,70,239,192
m8_3_02.png,3,m8,3,3/m8_3_02.png,processed_simple/3/m8_3_02.pgm,processed_full/3/m8_3_02.pgm,fixed_input/simple/3/m8_3_02.txt,fixed_input/full/3/m8_3_02.txt,1,4166,121,112,49,212,214
m8_3_03.png,3,m8,3,3/m8_3_03.png,processed_simple/3/m8_3_03.pgm,processed_full/3/m8_3_03.pgm,fixed_input/simple/3/m8_3_03.txt,fixed_input/full/3/m8_3_03.txt,1,3740,120,115,4,203,219
m8_3_04.png,3,m8,3,3/m8_3_04.png,processed_simple/3/m8_3_04.pgm,processed_full/3/m8_3_04.pgm,fixed_input/simple/3/m8_3_04.txt,fixed_input/full/3/m8_3_04.txt,1,3734,120,133,49,213,218
m8_3_05.png,3,m8,3,3/m8_3_05.png,processed_simple/3/m8_3_05.pgm,processed_full/3/m8_3_05.pgm,fixed_input/simple/3/m8_3_05.txt,fixed_input/full/3/m8_3_05.txt,1,3945,122,116,58,212,208
m8_4_02.png,4,m8,4,4/m8_4_02.png,processed_simple/4/m8_4_02.pgm,processed_full/4/m8_4_02.pgm,fixed_input/simple/4/m8_4_02.txt,fixed_input/full/4/m8_4_02.txt,1,4535,120,92,49,232,234
m8_4_03.png,4,m8,4,4/m8_4_03.png,processed_simple/4/m8_4_03.pgm,processed_full/4/m8_4_03.pgm,fixed_input/simple/4/m8_4_03.txt,fixed_input/full/4/m8_4_03.txt,1,4726,124,109,36,225,240
m8_4_04.png,4,m8,4,4/m8_4_04.png,processed_simple/4/m8_4_04.pgm,processed_full/4/m8_4_04.pgm,fixed_input/simple/4/m8_4_04.txt,fixed_input/full/4/m8_4_04.txt,1,4354,119,100,47,232,221
m8_4_05.png,4,m8,4,4/m8_4_05.png,processed_simple/4/m8_4_05.pgm,processed_full/4/m8_4_05.pgm,fixed_input/simple/4/m8_4_05.txt,fixed_input/full/4/m8_4_05.txt,1,4459,117,105,44,233,226
m8_5_02.png,5,m8,5,5/m8_5_02.png,processed_simple/5/m8_5_02.pgm,processed_full/5/m8_5_02.pgm,fixed_input/simple/5/m8_5_02.txt,fixed_input/full/5/m8_5_02.txt,1,4016,119,102,55,228,214
m8_5_03.png,5,m8,5,5/m8_5_03.png,processed_simple/5/m8_5_03.pgm,processed_full/5/m8_5_03.pgm,fixed_input/simple/5/m8_5_03.txt,fixed_input/full/5/m8_5_03.txt,1,3711,120,127,59,214,213
m8_5_04.png,5,m8,5,5/m8_5_04.png,processed_simple/5/m8_5_04.pgm,processed_full/5/m8_5_04.pgm,fixed_input/simple/5/m8_5_04.txt,fixed_input/full/5/m8_5_04.txt,1,3599,119,104,62,237,208
m8_5_05.png,5,m8,5,5/m8_5_05.png,processed_simple/5/m8_5_05.pgm,processed_full/5/m8_5_05.pgm,fixed_input/simple/5/m8_5_05.txt,fixed_input/full/5/m8_5_05.txt,1,3763,111,98,55,244,205
m8_6_02.png,6,m8,6,6/m8_6_02.png,processed_simple/6/m8_6_02.pgm,processed_full/6/m8_6_02.pgm,fixed_input/simple/6/m8_6_02.txt,fixed_input/full/6/m8_6_02.txt,1,4080,122,124,42,219,223
m8_6_03.png,6,m8,6,6/m8_6_03.png,processed_simple/6/m8_6_03.pgm,processed_full/6/m8_6_03.pgm,fixed_input/simple/6/m8_6_03.txt,fixed_input/full/6/m8_6_03.txt,1,4077,123,116,45,223,211
m8_6_04.png,6,m8,6,6/m8_6_04.png,processed_simple/6/m8_6_04.pgm,processed_full/6/m8_6_04.pgm,fixed_input/simple/6/m8_6_04.txt,fixed_input/full/6/m8_6_04.txt,1,3617,116,130,52,208,210
m8_6_05.png,6,m8,6,6/m8_6_05.png,processed_simple/6/m8_6_05.pgm,processed_full/6/m8_6_05.pgm,fixed_input/simple/6/m8_6_05.txt,fixed_input/full/6/m8_6_05.txt,1,4011,117,126,39,217,218
m8_7_02.png,7,m8,7,7/m8_7_02.png,processed_simple/7/m8_7_02.pgm,processed_full/7/m8_7_02.pgm,fixed_input/simple/7/m8_7_02.txt,fixed_input/full/7/m8_7_02.txt,1,2872,114,124,47,206,217
m8_7_03.png,7,m8,7,7/m8_7_03.png,processed_simple/7/m8_7_03.pgm,processed_full/7/m8_7_03.pgm,fixed_input/simple/7/m8_7_03.txt,fixed_input/full/7/m8_7_03.txt,1,2858,116,131,48,217,220
m8_7_04.png,7,m8,7,7/m8_7_04.png,processed_simple/7/m8_7_04.pgm,processed_full/7/m8_7_04.pgm,fixed_input/simple/7/m8_7_04.txt,fixed_input/full/7/m8_7_04.txt,1,3435,116,130,24,211,243
m8_7_05.png,7,m8,7,7/m8_7_05.png,processed_simple/7/m8_7_05.pgm,processed_full/7/m8_7_05.pgm,fixed_input/simple/7/m8_7_05.txt,fixed_input/full/7/m8_7_05.txt,1,2415,113,129,60,195,212
m8_8_02.png,8,m8,8,8/m8_8_02.png,processed_simple/8/m8_8_02.pgm,processed_full/8/m8_8_02.pgm,fixed_input/simple/8/m8_8_02.txt,fixed_input/full/8/m8_8_02.txt,1,4629,120,128,60,204,206
m8_8_03.png,8,m8,8,8/m8_8_03.png,processed_simple/8/m8_8_03.pgm,processed_full/8/m8_8_03.pgm,fixed_input/simple/8/m8_8_03.txt,fixed_input/full/8/m8_8_03.txt,1,5479,118,125,46,311,212
m8_8_04.png,8,m8,8,8/m8_8_04.png,processed_simple/8/m8_8_04.pgm,processed_full/8/m8_8_04.pgm,fixed_input/simple/8/m8_8_04.txt,fixed_input/full/8/m8_8_04.txt,1,5423,120,120,25,339,217
m8_8_05.png,8,m8,8,8/m8_8_05.png,processed_simple/8/m8_8_05.pgm,processed_full/8/m8_8_05.pgm,fixed_input/simple/8/m8_8_05.txt,fixed_input/full/8/m8_8_05.txt,1,5250,115,126,58,215,209
m8_9_02.png,9,m8,9,9/m8_9_02.png,processed_simple/9/m8_9_02.pgm,processed_full/9/m8_9_02.pgm,fixed_input/simple/9/m8_9_02.txt,fixed_input/full/9/m8_9_02.txt,1,4355,117,136,34,214,235
m8_9_03.png,9,m8,9,9/m8_9_03.png,processed_simple/9/m8_9_03.pgm,processed_full/9/m8_9_03.pgm,fixed_input/simple/9/m8_9_03.txt,fixed_input/full/9/m8_9_03.txt,1,5071,114,126,25,202,241
m8_9_04.png,9,m8,9,9/m8_9_04.png,processed_simple/9/m8_9_04.pgm,processed_full/9/m8_9_04.pgm,fixed_input/simple/9/m8_9_04.txt,fixed_input/full/9/m8_9_04.txt,1,4249,112,132,40,203,221
m8_9_05.png,9,m8,9,9/m8_9_05.png,processed_simple/9/m8_9_05.pgm,processed_full/9/m8_9_05.pgm,fixed_input/simple/9/m8_9_05.txt,fixed_input/full/9/m8_9_05.txt,1,4714,111,126,34,206,228
m5_0_01.jpg,0,m5,0,0/m5_0_01.jpg,processed_simple/0/m5_0_01.pgm,processed_full/0/m5_0_01.pgm,fixed_input/simple/0/m5_0_01.txt,fixed_input/full/0/m5_0_01.txt,1,723,104,40,38,75,109
m5_0_02.jpg,0,m5,0,0/m5_0_02.jpg,processed_simple/0/m5_0_02.pgm,processed_full/0/m5_0_02.pgm,fixed_input/simple/0/m5_0_02.txt,fixed_input/full/0/m5_0_02.txt,1,748,106,40,38,75,109
m5_0_03.jpg,0,m5,0,0/m5_0_03.jpg,processed_simple/0/m5_0_03.pgm,processed_full/0/m5_0_03.pgm,fixed_input/simple/0/m5_0_03.txt,fixed_input/full/0/m5_0_03.txt,1,624,104,40,38,79,93
m5_0_04.jpg,0,m5,0,0/m5_0_04.jpg,processed_simple/0/m5_0_04.pgm,processed_full/0/m5_0_04.pgm,fixed_input/simple/0/m5_0_04.txt,fixed_input/full/0/m5_0_04.txt,1,714,100,40,38,80,94
m5_1_01.jpg,1,m5,1,1/m5_1_01.jpg,processed_simple/1/m5_1_01.pgm,processed_full/1/m5_1_01.pgm,fixed_input/simple/1/m5_1_01.txt,fixed_input/full/1/m5_1_01.txt,1,161,108,40,38,51,70
m5_1_02.jpg,1,m5,1,1/m5_1_02.jpg,processed_simple/1/m5_1_02.pgm,processed_full/1/m5_1_02.pgm,fixed_input/simple/1/m5_1_02.txt,fixed_input/full/1/m5_1_02.txt,1,181,107,40,38,50,75
m5_1_03.jpg,1,m5,1,1/m5_1_03.jpg,processed_simple/1/m5_1_03.pgm,processed_full/1/m5_1_03.pgm,fixed_input/simple/1/m5_1_03.txt,fixed_input/full/1/m5_1_03.txt,1,165,99,40,38,46,76
m5_1_04.jpg,1,m5,1,1/m5_1_04.jpg,processed_simple/1/m5_1_04.pgm,processed_full/1/m5_1_04.pgm,fixed_input/simple/1/m5_1_04.txt,fixed_input/full/1/m5_1_04.txt,1,223,95,41,38,48,78
m5_2_01.jpg,2,m5,2,2/m5_2_01.jpg,processed_simple/2/m5_2_01.pgm,processed_full/2/m5_2_01.pgm,fixed_input/simple/2/m5_2_01.txt,fixed_input/full/2/m5_2_01.txt,1,392,99,40,38,66,84
m5_2_02.jpg,2,m5,2,2/m5_2_02.jpg,processed_simple/2/m5_2_02.pgm,processed_full/2/m5_2_02.pgm,fixed_input/simple/2/m5_2_02.txt,fixed_input/full/2/m5_2_02.txt,1,478,95,40,38,78,88
m5_2_03.jpg,2,m5,2,2/m5_2_03.jpg,processed_simple/2/m5_2_03.pgm,processed_full/2/m5_2_03.pgm,fixed_input/simple/2/m5_2_03.txt,fixed_input/full/2/m5_2_03.txt,1,471,93,40,38,82,101
m5_2_04.jpg,2,m5,2,2/m5_2_04.jpg,processed_simple/2/m5_2_04.pgm,processed_full/2/m5_2_04.pgm,fixed_input/simple/2/m5_2_04.txt,fixed_input/full/2/m5_2_04.txt,1,698,91,40,38,81,105
m5_3_01.jpg,3,m5,3,3/m5_3_01.jpg,processed_simple/3/m5_3_01.pgm,processed_full/3/m5_3_01.pgm,fixed_input/simple/3/m5_3_01.txt,fixed_input/full/3/m5_3_01.txt,1,631,96,40,38,75,126
m5_3_02.jpg,3,m5,3,3/m5_3_02.jpg,processed_simple/3/m5_3_02.pgm,processed_full/3/m5_3_02.pgm,fixed_input/simple/3/m5_3_02.txt,fixed_input/full/3/m5_3_02.txt,1,601,95,40,38,72,120
m5_3_03.jpg,3,m5,3,3/m5_3_03.jpg,processed_simple/3/m5_3_03.pgm,processed_full/3/m5_3_03.pgm,fixed_input/simple/3/m5_3_03.txt,fixed_input/full/3/m5_3_03.txt,1,750,91,40,38,81,148
m5_3_04.jpg,3,m5,3,3/m5_3_04.jpg,processed_simple/3/m5_3_04.pgm,processed_full/3/m5_3_04.pgm,fixed_input/simple/3/m5_3_04.txt,fixed_input/full/3/m5_3_04.txt,1,712,90,40,38,81,125
m5_4_01.jpg,4,m5,4,4/m5_4_01.jpg,processed_simple/4/m5_4_01.pgm,processed_full/4/m5_4_01.pgm,fixed_input/simple/4/m5_4_01.txt,fixed_input/full/4/m5_4_01.txt,1,1044,95,40,38,101,114
m5_4_02.jpg,4,m5,4,4/m5_4_02.jpg,processed_simple/4/m5_4_02.pgm,processed_full/4/m5_4_02.pgm,fixed_input/simple/4/m5_4_02.txt,fixed_input/full/4/m5_4_02.txt,1,827,92,40,38,91,113
m5_4_03.jpg,4,m5,4,4/m5_4_03.jpg,processed_simple/4/m5_4_03.pgm,processed_full/4/m5_4_03.pgm,fixed_input/simple/4/m5_4_03.txt,fixed_input/full/4/m5_4_03.txt,1,1035,90,40,38,98,133
m5_4_04.jpg,4,m5,4,4/m5_4_04.jpg,processed_simple/4/m5_4_04.pgm,processed_full/4/m5_4_04.pgm,fixed_input/simple/4/m5_4_04.txt,fixed_input/full/4/m5_4_04.txt,1,933,92,40,38,85,115
m5_5_01.jpg,5,m5,5,5/m5_5_01.jpg,processed_simple/5/m5_5_01.pgm,processed_full/5/m5_5_01.pgm,fixed_input/simple/5/m5_5_01.txt,fixed_input/full/5/m5_5_01.txt,1,785,94,40,38,93,125
m5_5_02.jpg,5,m5,5,5/m5_5_02.jpg,processed_simple/5/m5_5_02.pgm,processed_full/5/m5_5_02.pgm,fixed_input/simple/5/m5_5_02.txt,fixed_input/full/5/m5_5_02.txt,1,723,92,40,38,78,126
m5_5_03.jpg,5,m5,5,5/m5_5_03.jpg,processed_simple/5/m5_5_03.pgm,processed_full/5/m5_5_03.pgm,fixed_input/simple/5/m5_5_03.txt,fixed_input/full/5/m5_5_03.txt,1,682,90,40,38,82,101
m5_5_04.jpg,5,m5,5,5/m5_5_04.jpg,processed_simple/5/m5_5_04.pgm,processed_full/5/m5_5_04.pgm,fixed_input/simple/5/m5_5_04.txt,fixed_input/full/5/m5_5_04.txt,1,695,91,40,38,77,116
m5_6_01.jpg,6,m5,6,6/m5_6_01.jpg,processed_simple/6/m5_6_01.pgm,processed_full/6/m5_6_01.pgm,fixed_input/simple/6/m5_6_01.txt,fixed_input/full/6/m5_6_01.txt,1,991,90,40,38,78,139
m5_6_02.jpg,6,m5,6,6/m5_6_02.jpg,processed_simple/6/m5_6_02.pgm,processed_full/6/m5_6_02.pgm,fixed_input/simple/6/m5_6_02.txt,fixed_input/full/6/m5_6_02.txt,1,1111,91,32,38,83,139
m5_6_03.jpg,6,m5,6,6/m5_6_03.jpg,processed_simple/6/m5_6_03.pgm,processed_full/6/m5_6_03.pgm,fixed_input/simple/6/m5_6_03.txt,fixed_input/full/6/m5_6_03.txt,1,1118,91,40,38,76,151
m5_6_04.jpg,6,m5,6,6/m5_6_04.jpg,processed_simple/6/m5_6_04.pgm,processed_full/6/m5_6_04.pgm,fixed_input/simple/6/m5_6_04.txt,fixed_input/full/6/m5_6_04.txt,1,854,90,16,38,73,127
m5_7_01.jpg,7,m5,7,7/m5_7_01.jpg,processed_simple/7/m5_7_01.pgm,processed_full/7/m5_7_01.pgm,fixed_input/simple/7/m5_7_01.txt,fixed_input/full/7/m5_7_01.txt,1,552,89,41,38,76,108
m5_7_02.jpg,7,m5,7,7/m5_7_02.jpg,processed_simple/7/m5_7_02.pgm,processed_full/7/m5_7_02.pgm,fixed_input/simple/7/m5_7_02.txt,fixed_input/full/7/m5_7_02.txt,1,586,91,41,38,79,107
m5_7_03.jpg,7,m5,7,7/m5_7_03.jpg,processed_simple/7/m5_7_03.pgm,processed_full/7/m5_7_03.pgm,fixed_input/simple/7/m5_7_03.txt,fixed_input/full/7/m5_7_03.txt,1,555,91,41,38,72,109
m5_7_04.jpg,7,m5,7,7/m5_7_04.jpg,processed_simple/7/m5_7_04.pgm,processed_full/7/m5_7_04.pgm,fixed_input/simple/7/m5_7_04.txt,fixed_input/full/7/m5_7_04.txt,1,507,89,40,38,71,109
m5_8_01.jpg,8,m5,8,8/m5_8_01.jpg,processed_simple/8/m5_8_01.pgm,processed_full/8/m5_8_01.pgm,fixed_input/simple/8/m5_8_01.txt,fixed_input/full/8/m5_8_01.txt,1,892,85,40,39,74,120
m5_8_02.jpg,8,m5,8,8/m5_8_02.jpg,processed_simple/8/m5_8_02.pgm,processed_full/8/m5_8_02.pgm,fixed_input/simple/8/m5_8_02.txt,fixed_input/full/8/m5_8_02.txt,1,974,89,40,38,70,120
m5_8_03.jpg,8,m5,8,8/m5_8_03.jpg,processed_simple/8/m5_8_03.pgm,processed_full/8/m5_8_03.pgm,fixed_input/simple/8/m5_8_03.txt,fixed_input/full/8/m5_8_03.txt,1,801,92,40,38,69,108
m5_8_04.jpg,8,m5,8,8/m5_8_04.jpg,processed_simple/8/m5_8_04.pgm,processed_full/8/m5_8_04.pgm,fixed_input/simple/8/m5_8_04.txt,fixed_input/full/8/m5_8_04.txt,1,920,90,40,38,77,112
m5_9_01.jpg,9,m5,9,9/m5_9_01.jpg,processed_simple/9/m5_9_01.pgm,processed_full/9/m5_9_01.pgm,fixed_input/simple/9/m5_9_01.txt,fixed_input/full/9/m5_9_01.txt,1,1177,82,41,38,77,154
m5_9_02.jpg,9,m5,9,9/m5_9_02.jpg,processed_simple/9/m5_9_02.pgm,processed_full/9/m5_9_02.pgm,fixed_input/simple/9/m5_9_02.txt,fixed_input/full/9/m5_9_02.txt,1,961,88,40,39,76,141
m5_9_03.jpg,9,m5,9,9/m5_9_03.jpg,processed_simple/9/m5_9_03.pgm,processed_full/9/m5_9_03.pgm,fixed_input/simple/9/m5_9_03.txt,fixed_input/full/9/m5_9_03.txt,1,1182,92,40,39,78,155
m5_9_04.jpg,9,m5,9,9/m5_9_04.jpg,processed_simple/9/m5_9_04.pgm,processed_full/9/m5_9_04.pgm,fixed_input/simple/9/m5_9_04.txt,fixed_input/full/9/m5_9_04.txt,1,1304,92,40,38,81,161
