index,label,pred,raw_logit0,raw_logit1,raw_logit2,raw_logit3,raw_logit4,raw_logit5,raw_logit6,raw_logit7,raw_logit8,raw_logit9
0,7,7,-182,-140,-63,104,-217,-189,-591,396,-105,84
1,2,2,69,73,498,-204,-364,-350,-97,-212,87,-451
2,1,1,-111,302,-123,-246,61,-146,-162,-28,-76,-175
3,0,0,376,-334,6,-144,-275,-88,19,-202,-66,-136
4,4,4,-169,-129,-94,-205,377,-124,-194,-78,-148,47
5,1,1,-134,332,-168,-248,43,-212,-253,7,-75,-159
6,4,4,-412,-72,-224,-305,435,-21,-236,-89,56,82
7,9,9,-365,-199,-46,81,99,6,-410,-65,-14,286
8,5,5,-164,-391,-118,-125,-182,347,86,-257,90,62
9,9,9,-207,-521,-237,34,123,-105,-412,-12,139,464
10,0,0,434,-298,-1,-185,-349,-65,-35,-150,-156,-82
11,6,6,127,-424,-181,-194,-185,26,425,-366,149,-211
12,9,9,-262,-375,-195,-4,161,-98,-474,56,3,429
13,0,0,334,-264,-111,-142,-303,-34,-81,-41,-91,-71
14,1,1,-168,249,-110,-138,-46,-142,-212,-95,44,-127
15,5,5,-334,-35,-214,157,-137,349,-187,-125,-30,-63
16,9,9,-194,-353,-132,26,72,-109,-417,97,-2,358
17,7,7,-171,-189,-36,132,-329,-118,-645,431,-197,63
18,3,3,-284,-269,-57,289,-133,54,-228,-135,138,3
19,4,4,-317,-42,-101,-216,480,-109,-277,25,-183,-85
20,9,9,-278,-250,-213,27,123,-102,-535,90,-54,373
21,6,6,-42,-379,-212,-193,-76,170,425,-430,37,-165
22,6,6,69,-417,-294,-154,-43,66,395,-231,-15,-152
23,5,5,-277,-358,-294,44,-210,458,26,-350,34,89
24,4,4,-152,-94,-78,-189,330,-37,-134,-28,-154,-17
25,0,0,393,-490,-39,-135,-247,-96,46,-209,9,-45
26,7,7,-105,-99,-6,55,-131,-192,-410,295,-87,57
27,4,4,-360,-132,-38,-196,568,-123,-356,-89,-161,28
28,0,0,387,-245,56,-106,-392,-101,-148,-105,-114,-176
29,1,1,-203,253,-98,-141,48,-151,-263,-31,9,-69
30,3,3,-402,-245,-259,598,-303,90,-522,-25,-39,135
31,1,1,-228,247,-109,-184,99,-134,-282,-14,-50,2
32,3,3,-604,-25,-241,607,-233,96,-427,-98,60,-78
33,4,4,29,-112,76,-328,372,-194,-53,-175,-158,-295
34,7,7,-237,-127,-13,144,-273,-303,-726,432,-28,68
35,2,2,-72,49,512,-41,-360,-351,-330,4,-17,-251
36,7,7,-209,-102,144,174,-325,-256,-552,329,-47,-13
37,1,1,-189,303,-126,-224,53,-146,-265,-62,-1,-57
38,2,2,5,2,425,-8,-375,-347,-182,-40,40,-312
39,1,1,-64,254,-135,-239,-40,-158,-158,-139,32,-159
40,1,1,-87,174,-51,-157,-10,-86,-126,-24,-6,-72
41,7,7,-230,31,159,128,-179,-273,-469,352,-139,-127
42,4,4,-382,10,-326,-315,479,-58,-265,-7,-189,15
43,2,2,-188,135,312,-121,78,-253,-103,-47,-43,-548
44,3,3,-363,-151,-146,431,-186,108,-279,-83,-40,-30
45,5,5,-130,-285,-213,-37,-309,378,12,-221,86,5
46,1,1,-343,296,-58,-26,-7,-140,-340,-34,23,-103
47,2,2,-74,-8,378,-62,-72,-196,-108,-102,-57,-326
48,4,4,-477,-140,-230,-163,576,-68,-403,-115,9,108
49,4,4,-196,-252,-123,-226,437,-75,-156,-10,-273,-11
50,6,6,34,-255,-231,-142,-62,67,394,-422,4,-281
51,3,3,-396,-114,-122,608,-356,-56,-603,41,-5,-8
52,5,5,-241,-337,-266,37,-215,433,18,-257,69,13
53,5,5,-257,-191,-328,91,-70,359,-76,-152,-62,89
54,6,6,77,-440,-291,-285,-119,124,484,-358,91,-197
55,0,0,312,-124,-31,-276,-329,-81,-91,-32,-85,-180
56,4,4,-356,-104,-102,-305,621,-120,-305,-27,-221,-125
57,1,1,-117,258,-128,-203,40,-198,-227,6,-34,-96
58,9,9,-305,-392,-122,10,242,-91,-504,90,-115,396
59,5,5,-145,-165,-341,-10,-87,241,-164,83,-14,46
60,7,7,-242,-169,-96,118,-255,-53,-545,443,-225,80
61,8,8,-144,-439,124,159,-225,-79,-215,-258,341,86
62,9,9,-133,-289,-137,-49,-69,110,-137,-68,99,209
63,3,3,-448,-118,104,377,-210,-133,-569,-2,108,63
64,7,7,-359,-140,66,163,-92,-313,-701,508,-57,-51
65,4,4,-350,-81,-136,-53,286,-6,-299,-76,-67,152
66,6,6,136,-339,-242,-164,-75,38,357,-305,-26,-144
67,4,4,-279,-251,-100,-90,346,3,-167,-39,-110,34
68,3,3,-578,-153,-176,701,-364,-46,-578,-34,145,8
69,0,0,359,-227,5,-248,-218,-42,-61,-119,-217,-9
70,7,7,-152,-230,-119,145,-269,-33,-569,363,-176,113
71,0,0,507,-374,-18,-194,-378,-110,29,-255,-148,-99
72,2,2,14,-4,404,3,-288,-250,-423,62,-173,-169
73,9,9,-197,-288,-88,56,-14,-205,-529,28,146,365
74,1,1,-141,301,-155,-258,41,-114,-181,-125,-3,-135
75,7,7,-380,-87,-62,162,-37,-152,-500,413,-114,-11
76,3,3,-493,-110,-236,506,-125,86,-380,-103,15,90
77,2,2,10,-43,323,16,-275,-271,-309,78,-60,-118
78,9,9,-216,-258,-179,-1,82,-126,-372,-55,97,386
79,7,7,-101,-232,-66,64,-99,-281,-572,361,43,127
80,7,7,-134,-76,-174,-188,-55,-47,-378,326,-113,77
81,6,6,-27,-276,-222,-157,-121,79,416,-369,47,-202
82,2,2,-158,171,606,-2,-273,-378,-399,50,-145,-470
83,7,7,-136,-65,-117,-47,-94,-192,-422,421,-108,3
84,8,8,-214,-383,-213,145,-63,14,-132,-166,468,50
85,4,4,-482,-97,-314,-230,594,6,-291,-10,-169,-90
86,7,7,-176,-135,-80,125,-201,-245,-582,341,15,114
87,3,3,-443,-7,-51,402,-121,-33,-355,115,-109,-184
88,6,6,44,-311,-173,-205,-66,30,494,-383,-6,-333
89,1,1,-135,246,-196,-142,5,-134,-157,-66,-21,-205
90,3,3,-357,-180,-235,547,-290,45,-486,-143,103,124
91,6,6,0,-353,-211,-149,-99,89,507,-471,24,-293
92,9,9,-208,-228,-194,12,146,-92,-308,-20,63,282
93,3,3,-427,-170,-319,574,-222,113,-549,-100,-26,133
94,1,1,-218,330,-90,-244,42,-145,-162,-222,86,-199
95,4,4,-76,-246,-210,-268,357,-105,-4,-149,-55,-64
96,1,1,-276,178,-96,-45,41,-96,-344,-6,4,53
97,7,7,-296,-106,80,128,-165,-323,-425,400,111,-180
98,6,6,139,-226,-52,-289,-170,40,348,-405,12,-222
99,9,9,-274,-435,-97,94,118,-136,-536,84,-56,433
100,6,6,54,-270,-145,-158,-81,23,370,-302,65,-210
101,0,0,377,-276,-124,-176,-400,40,67,-163,-90,-157
102,5,5,-386,-248,-357,166,-324,523,-304,-211,18,184
103,4,4,-350,-146,9,-149,540,-98,-291,-19,-229,-141
104,9,9,-254,-406,-220,-23,69,141,-300,-49,-84,383
105,9,9,-300,-424,-82,53,66,-5,-467,8,19,388
106,2,2,22,-102,533,-46,-277,-356,-364,25,-27,-230
107,1,1,-40,291,-98,-376,-9,-188,-79,-108,-29,-266
108,9,9,-370,-289,-165,-23,125,-16,-471,-27,49,444
109,4,4,-91,-116,-90,-276,405,-140,-91,-70,-172,-111
110,8,8,-222,-341,-116,112,-235,5,-182,-311,525,28
111,7,7,-121,-17,-5,57,-267,-298,-520,245,56,60
112,3,3,-449,-84,-207,571,-232,29,-414,-24,-37,-7
113,9,9,-236,-385,-87,113,13,-135,-467,9,84,408
114,7,7,-285,-83,126,194,-187,-209,-496,346,-103,-70
115,4,4,-184,-183,-172,-144,227,-73,-144,-106,-46,174
116,4,4,-396,-64,-262,-146,392,-37,-226,-164,-25,131
117,4,4,-437,-157,-31,-120,527,-114,-324,10,-209,-111
118,9,9,-134,-282,-99,-35,92,-115,-306,5,24,325
119,2,2,-57,-85,353,39,-285,-363,-327,111,66,-139
120,5,5,-483,-396,-410,227,-351,598,-243,-346,102,213
121,4,4,-78,-232,-263,-219,272,-105,78,-178,13,-90
122,7,7,-224,-71,28,71,-210,-161,-508,353,-113,31
123,6,6,-8,-277,-236,-165,-30,48,459,-414,29,-295
124,7,7,-454,-100,-233,-137,239,-49,-438,360,-149,85
125,9,9,-237,-179,-14,3,115,-118,-338,-45,24,270
126,0,0,359,-303,-96,-105,-236,-38,-18,-215,-174,24
127,5,5,-406,-322,-385,108,-217,541,-150,-331,78,181
128,8,8,-256,-409,-17,162,-385,-15,-286,-176,624,74
129,5,5,-399,-333,-380,129,-264,560,-171,-323,6,199
130,6,6,17,-488,-280,-73,-96,86,498,-443,41,-183
131,6,6,109,-513,-190,-185,-200,50,549,-541,155,-254
132,5,5,-423,-243,-385,284,-322,450,-102,-388,80,51
133,7,7,-312,-103,126,208,-171,-373,-779,512,-164,-10
134,8,8,-245,-235,-21,139,-302,-113,-333,-199,529,75
135,1,1,-110,299,-111,-237,-16,-167,-172,-111,13,-199
136,0,0,355,-214,-7,-235,-332,-54,-19,-113,-102,-129
137,1,1,-84,302,-115,-308,38,-210,-221,-104,-25,-172
138,6,6,116,-354,-247,-170,-60,24,475,-413,-65,-286
139,4,4,-120,-247,-190,-107,246,-192,-189,-77,8,136
140,6,6,50,-146,-92,-195,-75,-15,342,-376,62,-299
141,7,7,-213,-124,-75,89,-189,-122,-505,377,-110,72
142,3,3,-283,-138,32,421,-363,-162,-419,-9,103,24
143,1,1,-81,301,-80,-326,20,-134,-131,-68,-62,-190
144,7,7,-334,-88,106,135,-1,-275,-603,413,-148,-20
145,1,1,-180,272,-113,-214,99,-123,-214,-85,-7,-66
146,8,8,-142,-467,-83,202,-269,-124,-187,-236,547,106
147,2,2,-174,6,548,-17,-183,-337,-304,-133,34,-348
148,0,0,392,-255,7,-190,-334,-85,19,-203,-97,-146
149,2,2,-191,-152,246,60,-86,-50,-162,-45,45,-73
150,9,9,-372,-408,-96,-1,101,24,-409,-62,73,412
151,9,9,-128,-517,-9,67,-2,-57,-311,-181,149,360
152,5,5,-192,-318,-228,-226,-184,423,-57,-188,121,132
153,5,5,-246,-197,-240,40,-250,381,-52,-308,94,66
154,1,1,-213,255,-112,-207,76,-130,-260,11,-84,-17
155,5,5,-527,-411,-409,192,-130,582,-144,-373,86,198
156,6,6,34,-251,-102,-233,21,26,369,-266,-90,-329
157,0,0,343,-232,-24,-196,-314,-32,-61,-65,-131,-86
158,3,3,-6,-30,12,187,-368,97,-300,-73,-174,-133
159,4,4,-259,-69,-67,-98,307,-67,-178,-44,-138,-9
160,4,4,-243,52,-152,-370,342,-58,-76,-219,60,-137
161,6,6,38,-379,-240,-74,-15,89,413,-478,-33,-271
162,5,5,-355,-292,-407,1,-379,665,-124,-394,64,131
163,4,4,-417,-205,-151,-214,534,-47,-279,71,-247,-38
164,6,6,-5,-268,-248,-128,-23,28,400,-253,-18,-319
165,5,5,-348,-286,-393,97,-235,568,-82,-278,-28,75
166,4,4,-111,-89,-153,-379,388,-94,-117,-73,-155,1
167,5,5,-198,-352,-144,189,-143,243,-24,-165,4,-58
168,1,1,-142,293,-79,-234,25,-154,-170,-139,46,-165
169,4,4,-333,-70,-118,-266,511,-90,-297,-5,-181,-10
170,4,4,-361,-60,-104,-195,529,-73,-299,-100,-102,11
171,7,7,-121,-157,66,139,-251,-299,-581,253,65,80
172,2,2,-200,76,506,138,-581,-353,-439,2,143,-344
173,3,3,-278,-65,-146,398,-265,87,-357,1,-5,-45
174,2,2,-78,17,474,-31,-276,-314,-294,11,45,-275
175,7,7,-93,-19,-25,54,-128,-156,-303,120,39,72
176,1,1,-65,219,-70,-205,21,-110,-109,-59,-21,-119
177,8,8,-25,-389,-75,10,-175,-118,-31,-239,390,60
178,1,1,-151,324,-125,-226,39,-161,-199,-53,-38,-167
179,8,8,-252,-161,228,106,-386,-222,-258,-187,518,-130
180,1,1,-155,279,-131,-224,56,-131,-203,-39,-48,-77
181,8,8,-191,-289,144,39,-459,-79,-1,-267,501,-143
182,5,5,-228,-194,-335,133,-267,341,19,-288,108,-54
183,0,0,450,-380,-32,-198,-264,-116,61,-236,-137,-37
184,8,8,-88,-316,92,234,-323,-174,-159,-171,370,-87
185,9,9,-172,-366,-158,-13,121,-88,-183,-89,-14,354
186,2,2,-84,-11,593,136,-635,-581,-408,24,169,-377
187,5,5,-417,-329,-290,203,-267,494,-165,-337,92,131
188,0,0,368,-242,-109,-274,-479,51,-36,-42,-57,-251
189,1,1,-205,217,-119,-109,82,-69,-188,-92,0,-54
190,1,1,-78,235,-99,-185,-19,-257,-287,-41,-14,-105
191,1,1,-286,254,-79,-109,74,-103,-296,-35,-5,-51
192,0,0,334,-198,93,-236,-146,-298,-65,-184,-41,-155
193,9,9,-302,-282,-76,26,30,-17,-342,15,113,262
194,0,0,332,-223,-22,-180,-379,0,-165,9,-126,-124
195,3,3,-352,-37,4,270,-46,-5,-239,-4,4,-70
196,1,1,-68,301,-95,-267,-49,-120,-134,-180,11,-236
197,6,6,11,-408,-254,-152,-84,100,506,-507,74,-291
198,4,4,-333,-96,-205,-206,491,-93,-316,-84,-57,101
199,2,2,-251,79,469,263,-509,-482,-518,83,116,-311
200,3,3,-212,-159,-34,499,-365,-75,-437,-142,108,-104
201,6,6,106,-344,-305,-193,-29,26,462,-378,-95,-220
202,1,1,-109,313,-74,-281,17,-247,-226,-31,-17,-181
203,1,1,-166,221,-126,-174,71,-99,-175,-48,-20,-30
204,1,1,-107,300,-117,-215,36,-167,-172,-23,-62,-181
205,3,3,-437,-88,-172,460,-195,89,-356,-5,-71,28
206,9,9,-367,-390,-194,-3,-16,78,-409,-137,207,437
207,5,5,-242,-208,-250,102,-174,365,-129,-165,4,49
208,2,2,-161,134,559,-11,-227,-298,-290,32,-117,-500
209,9,4,-501,-247,-250,71,316,13,-494,-10,-64,316
210,4,4,-273,-83,-168,-263,379,-147,-300,157,-183,39
211,5,5,-97,-248,-330,98,-147,261,-124,-94,64,81
212,9,9,-347,-379,-213,45,121,24,-484,64,-77,442
213,3,3,-413,-147,-137,455,-260,-42,-534,110,9,97
214,9,9,-361,-290,-126,46,173,-169,-536,-13,131,424
215,0,0,336,-285,-49,-148,-355,-118,-91,-98,-26,-74
216,3,3,-526,-125,-166,640,-358,17,-633,19,-45,76
217,6,6,20,-329,-183,-212,-204,191,327,-386,174,-234
218,5,5,-215,-193,-375,-1,-167,378,-219,8,-1,54
219,5,5,-115,-295,-264,25,-236,382,-74,-192,-8,67
220,7,7,-81,-125,-88,-56,-156,-166,-428,380,-93,38
221,2,2,28,-135,453,-19,-321,-146,-275,-37,-48,-262
222,2,2,20,-138,492,39,-270,-378,-342,-2,49,-283
223,7,7,-138,-169,29,129,-225,-287,-629,351,-64,112
224,1,1,-87,233,-58,-240,66,-159,-126,-20,-44,-156
225,2,2,-171,-96,391,165,-495,-320,-413,25,190,-131
226,8,8,-244,-192,-95,76,-242,-12,-87,-226,527,-118
227,4,4,-205,-62,-57,-182,353,-66,-184,-69,-146,10
228,1,1,-118,307,-117,-288,79,-193,-204,-41,-50,-155
229,7,7,-152,-70,3,92,-175,-215,-507,286,-78,80
230,3,3,-245,-153,-183,430,-207,103,-252,-110,-103,-32
231,3,3,-358,-89,-228,428,-168,-5,-426,-85,86,119
232,8,8,-242,-281,32,-45,-431,159,63,-326,443,-103
233,8,8,-167,-374,-64,225,-225,-196,-476,50,363,219
234,7,7,-213,-26,27,140,-264,-255,-600,290,-31,49
235,9,9,-88,-339,-95,23,-10,-50,-358,82,-41,275
236,2,2,-50,41,510,-24,-331,-367,-342,104,-91,-281
237,2,2,-110,155,448,-82,-99,-359,-224,-25,-103,-467
238,4,4,-309,-182,-139,-221,512,-88,-251,43,-284,-64
239,1,1,-177,286,-114,-216,66,-142,-219,-40,-33,-70
240,5,5,-447,-225,-371,147,-161,488,-87,-386,33,144
241,9,9,-262,-430,-155,155,-28,93,-333,-220,121,339
242,8,8,62,-575,-174,-62,-221,-69,-2,-202,459,99
243,7,7,-413,-116,52,114,-69,-153,-574,432,-126,-31
244,2,2,-112,40,344,-21,-159,-263,-231,124,1,-283
245,3,3,-159,-52,42,299,-142,-85,-311,19,-130,-148
246,0,0,450,-341,-72,-192,-320,-26,46,-215,-187,-28
247,4,4,-126,-6,189,-320,278,-264,9,-128,-100,-500
248,4,4,-185,-171,-236,-261,452,-117,-203,-19,-227,-36
249,2,2,-83,30,408,33,-299,-345,-229,5,24,-290
250,4,4,-403,-81,-104,-183,514,-154,-440,-78,-65,146
251,1,1,-102,222,-85,-183,64,-102,-130,-102,7,-99
252,9,9,-304,-313,-176,5,120,-47,-476,7,-51,451
253,5,5,-252,-221,-258,29,-205,416,-85,-240,4,108
254,7,7,-236,-97,27,176,-276,-258,-672,378,-109,82
255,7,7,-237,-19,94,81,-268,-267,-600,325,-43,31
256,2,2,-171,131,450,75,-387,-491,-386,95,79,-331
257,8,8,-25,-109,-35,-25,-271,-93,31,-250,279,-200
258,2,2,-82,-1,500,36,-240,-250,-334,10,-211,-324
259,6,6,217,-341,-233,-196,-232,130,237,-222,21,-185
260,8,8,-172,-313,139,160,-326,-126,-212,-150,449,-21
261,5,5,-219,-78,-319,35,-350,408,-222,-123,56,4
262,7,7,-256,-142,-87,92,-172,-157,-568,400,-89,123
263,7,7,-207,-52,-1,68,-184,-263,-587,371,-78,82
264,9,9,-428,-49,-107,-42,221,-113,-451,-97,89,303
265,1,1,-185,281,-83,-149,-38,-173,-207,-78,59,-166
266,8,8,114,-499,-34,20,-229,-113,-20,-303,353,-7
267,1,1,-186,289,-161,-237,82,-129,-208,-105,-31,-92
268,8,8,-234,-362,131,89,-313,88,-150,-251,403,-32
269,0,0,344,-269,-54,-196,-248,-10,-8,-83,-167,-38
270,3,3,-557,-89,-420,613,-198,215,-396,-143,18,44
271,0,0,395,-260,-77,-181,-282,-55,-44,-172,-189,-66
272,1,1,-180,293,-138,-217,59,-131,-222,-43,-31,-65
273,9,9,-298,-454,-93,170,-76,-136,-579,66,140,414
274,9,9,-291,-373,-121,281,-74,-131,-570,81,0,388
275,4,4,-284,-156,-172,-229,441,-108,-277,-82,-130,149
276,1,1,-91,330,-117,-295,30,-173,-189,-80,-61,-185
277,8,8,-120,-388,-39,116,-283,-108,-162,-119,524,62
278,2,2,-47,-60,554,-115,-347,-358,-223,51,28,-315
279,1,1,-174,266,-95,-221,86,-147,-208,-20,-51,-66
280,2,2,-46,-37,482,49,-405,-422,-238,-97,145,-345
281,9,9,-162,-457,-212,63,102,-128,-322,-82,61,455
282,7,7,-252,27,32,211,-194,-291,-525,259,-8,-5
283,5,5,-162,-175,-303,-4,-175,361,-98,-108,24,64
284,9,9,-105,-315,-98,-6,61,-45,-353,36,-89,315
285,2,2,-61,56,495,-38,-295,-267,-181,1,-102,-394
286,6,6,-86,-183,-154,-164,-126,103,366,-469,121,-310
287,4,4,-366,-266,-92,-45,433,-66,-286,24,-98,52
288,1,1,-69,264,-256,-298,23,-81,-84,-123,-38,-181
289,5,5,-367,-105,-197,16,-19,306,-55,-306,36,37
290,8,8,-312,-336,-245,-54,97,87,-63,-276,346,154
291,2,2,-151,133,488,40,-413,-388,-292,-116,149,-413
292,9,9,-50,-310,-90,-28,60,-80,-344,26,-40,275
293,2,2,-132,18,468,54,-216,-287,-343,-10,-62,-271
294,0,0,332,-169,-48,-207,-381,1,-35,-62,-107,-185
295,4,4,-417,-104,-76,-232,568,-117,-411,-13,-150,84
296,0,0,472,-290,18,-210,-287,-148,-23,-243,-185,-115
297,0,0,350,-286,-104,-247,-263,45,4,-76,-160,-37
298,2,2,-169,-7,525,145,-339,-406,-361,-73,109,-345
299,8,8,-198,-251,-91,94,-340,3,-263,-175,450,90
300,4,4,-98,-23,49,-172,281,-233,-60,-67,-123,-280
301,7,7,-376,-53,146,167,-124,-277,-598,472,-161,-109
302,1,1,-177,273,-97,-204,53,-141,-158,-122,45,-131
303,2,2,-50,-127,329,11,-279,-188,-166,28,48,-168
304,4,4,-382,-85,-174,-257,562,-158,-330,11,-79,-16
305,0,0,348,-293,-88,-207,-353,23,53,-108,-100,-75
306,2,2,-63,72,519,-36,-321,-447,-296,7,52,-345
307,7,7,-435,-15,37,259,-155,-257,-648,376,-87,-9
308,4,4,-293,38,-330,-299,470,-83,-202,-74,-16,-171
309,3,3,-382,31,-238,475,-205,65,-263,-110,-17,-107
310,3,3,-458,-105,-140,490,-140,-8,-407,-56,12,51
311,0,0,483,-427,-91,-132,-317,-66,5,-254,-120,-40
312,0,0,430,-413,-4,-153,-302,-150,-47,-195,-63,-42
313,3,3,-494,22,-272,433,-67,195,-212,-147,-81,-266
314,1,1,-220,307,-194,-206,71,-109,-196,-116,-2,-108
315,9,9,-206,-487,-136,142,-82,-51,-488,68,18,400
316,6,6,-6,-261,-180,-198,-113,117,351,-411,79,-224
317,5,5,-386,-193,-395,219,-232,481,-197,-55,36,-42
318,2,2,33,-291,407,130,-346,-193,-210,-107,14,-225
319,5,5,-357,-341,-353,52,-74,509,43,-317,13,-17
320,9,9,-170,-23,-146,-31,-118,-71,-373,7,116,210
321,2,2,-118,-17,191,136,-459,-348,-476,184,119,-74
322,9,9,-407,-207,-218,58,148,-21,-497,-40,28,421
323,3,3,-441,-141,-218,594,-316,52,-463,-78,94,45
324,0,0,170,-170,-162,-123,-196,36,9,-27,1,-105
325,4,4,-188,-165,-291,-191,340,-143,-100,-170,-18,64
326,2,2,-108,198,275,-330,73,-186,9,-304,-41,-558
327,0,0,391,-362,10,-167,-195,-219,-51,-231,-57,-28
328,7,7,-251,-24,-8,154,-138,-235,-481,327,-9,-25
329,1,1,-173,294,-164,-181,61,-151,-202,-70,-40,-145
330,1,1,-182,290,-171,-216,77,-106,-185,-61,-67,-105
331,2,2,-51,42,440,-60,-384,-353,-239,6,96,-290
332,1,1,-151,323,-131,-231,56,-181,-230,-40,-60,-128
333,5,5,-270,-223,-256,26,-296,419,-173,-283,109,150
334,3,3,-387,-98,-156,519,-252,-25,-507,-24,9,87
335,3,3,-329,-56,-60,380,-278,-117,-350,-75,144,-8
336,9,9,-275,-325,-40,-41,260,-71,-453,3,-56,314
337,7,7,-137,-197,11,160,-312,-121,-594,263,-135,134
338,8,8,-59,-368,169,101,-248,-107,-173,-169,424,-92
339,6,6,-62,-260,-54,-168,-106,116,322,-463,79,-189
340,5,5,-225,-121,-323,204,-86,238,-16,-324,-125,-85
341,6,6,18,-183,-175,-82,-41,65,224,-143,-36,-132
342,1,1,-121,291,-149,-233,15,-126,-167,-84,-12,-136
343,3,3,-406,-44,-299,552,-227,149,-397,-127,-32,-17
344,8,8,-243,-238,-143,83,-174,69,54,-305,407,-149
345,1,1,-202,256,-184,-170,70,-174,-304,-50,-10,-18
346,0,0,318,-185,-23,-197,-320,-128,-156,-30,-57,-137
347,5,5,-350,-402,-348,147,-209,422,-52,-386,179,143
348,1,1,-86,267,-140,-259,20,-115,-75,-119,-29,-235
349,3,3,-412,-185,-53,454,-301,-142,-616,69,76,197
350,1,1,-321,308,-131,-107,80,-150,-356,-31,-26,-49
351,5,5,-383,-372,-332,88,-296,553,-112,-362,113,163
352,5,5,-19,-152,-299,100,-314,298,-168,-61,-101,-97
353,6,6,155,-530,-244,-116,-75,3,475,-482,34,-175
354,1,1,-167,326,-70,-309,107,-250,-213,-52,-4,-204
355,8,8,-48,-314,-200,-121,-238,73,87,-242,390,-16
356,5,5,-326,-346,-388,80,-270,588,-130,-282,-12,137
357,1,1,-131,194,-101,-131,34,-90,-163,0,-33,-59
358,7,7,-360,32,-110,6,114,-152,-447,197,-33,119
359,9,9,-324,-200,-108,-50,250,-182,-444,-19,166,273
360,4,4,-415,-231,-71,-114,487,-83,-288,61,-139,-39
361,6,6,48,-449,-235,-187,-110,86,554,-441,4,-293
362,2,2,-46,-109,352,123,-449,-370,-452,123,79,-68
363,2,2,-46,153,407,-169,-221,-284,-83,-97,-57,-447
364,5,5,-353,-302,-216,80,-290,506,-182,-244,46,105
365,0,0,297,-168,-54,-202,-281,-114,-50,-95,-57,-97
366,6,6,172,-423,-143,-135,-25,-48,328,-339,14,-131
367,5,5,-326,-256,-162,25,-184,431,-103,-206,85,44
368,6,6,-9,-257,-154,-209,-88,100,395,-412,63,-217
369,3,3,-358,-185,-168,436,-247,118,-447,-19,51,85
370,7,7,-232,-99,81,142,-327,-268,-689,402,-98,54
371,2,2,-27,107,565,-54,-302,-463,-264,21,-103,-499
372,0,0,329,-254,-131,-151,-327,48,29,-72,-146,-101
373,8,8,-136,-293,41,74,-238,-136,-177,-129,480,-11
374,8,8,-207,-315,101,171,-274,-163,-226,-163,458,42
375,5,5,-289,-311,-285,-21,-259,499,-10,-371,73,99
376,4,4,-349,-99,-114,-151,405,-118,-389,13,-130,175
377,1,1,-98,269,-104,-253,21,-122,-163,-27,-56,-122
378,1,1,-134,235,-107,-180,18,-148,-145,-75,17,-114
379,4,4,-304,-61,-60,-288,543,-137,-356,-52,-158,-2
380,0,0,315,-245,-79,-142,-163,-78,62,-210,-114,-22
381,3,3,-163,-103,-15,341,-342,-66,-411,60,-42,4
382,3,3,-567,-116,-215,653,-286,25,-533,-39,35,20
383,7,7,-198,-104,-14,127,-299,-135,-567,286,-66,82
384,6,6,58,-351,-220,-153,-105,61,504,-481,-28,-268
385,1,1,-88,266,-100,-239,31,-137,-110,-67,-28,-160
386,6,6,122,-383,-211,-190,-170,158,348,-316,14,-215
387,2,2,-89,83,397,-43,-241,-235,-249,60,-113,-252
388,1,1,-144,337,-84,-321,68,-234,-229,-13,-38,-173
389,9,9,-373,-226,-287,-67,157,-33,-493,44,26,433
390,2,2,16,-82,439,35,-228,-271,-421,32,-185,-204
391,8,8,-47,-305,111,50,-179,-130,-103,-161,371,-78
392,6,6,8,-379,-201,-164,-52,65,505,-440,14,-259
393,1,1,-124,279,-127,-258,44,-117,-185,-32,-76,-106
394,9,9,-162,-238,-82,-11,78,-118,-379,70,-14,303
395,5,5,-335,-289,-298,111,-275,497,-101,-328,65,107
396,2,2,-83,32,508,-79,-37,-418,-219,39,-110,-556
397,5,5,-394,-155,-335,220,-207,387,-93,-364,62,69
398,4,4,-269,-44,-76,-280,492,-110,-263,6,-175,-132
399,4,4,-177,-176,-75,-195,420,-65,-127,-111,-214,-80
400,2,2,46,-207,307,69,-119,-266,-361,-54,-46,-107
401,8,8,-242,-159,70,170,-350,-125,-291,-71,409,-4
402,3,3,-457,-34,-22,462,-215,46,-440,-21,-26,-83
403,8,8,-159,-214,14,110,-173,-55,-264,25,244,35
404,2,2,-146,-18,342,116,-380,-393,-372,157,119,-175
405,4,4,-399,-315,-104,-183,584,-20,-368,-35,-213,180
406,5,5,-35,-549,-343,-8,-179,321,13,-259,19,203
407,0,0,395,-252,-163,-137,-320,-10,-93,-104,-146,-96
408,3,3,-91,-201,-112,406,-371,-47,-284,-200,59,-59
409,1,1,-204,223,-252,-194,21,-48,-171,-113,59,-37
410,7,7,-230,-134,-74,53,-131,-197,-535,414,-96,107
411,7,7,-126,11,24,95,-272,-282,-478,219,36,30
412,5,3,-414,-226,-470,485,-346,375,-425,-127,82,74
413,7,7,-163,-241,-110,59,-135,-189,-593,425,-91,163
414,9,9,-320,-193,-114,14,95,-71,-461,28,17,353
415,7,7,-205,-138,-115,-52,-27,-144,-458,400,-126,104
416,1,1,-104,341,-92,-327,17,-139,-106,-123,-47,-262
417,9,9,-305,-180,-192,8,168,-152,-496,136,11,309
418,2,2,-65,-15,527,11,-240,-349,-277,78,-64,-425
419,1,1,-179,268,-120,-210,86,-123,-194,-38,-44,-80
420,4,4,-113,-232,-52,-51,211,-162,-246,-14,11,149
421,2,2,8,-62,374,-30,-312,-257,-284,-4,15,-136
422,9,9,-375,-298,-153,113,137,-155,-563,48,122,413
423,2,2,-84,128,464,-10,-267,-298,-419,135,-226,-308
424,0,0,405,-280,-52,-181,-298,-60,8,-127,-167,-75
425,4,4,-192,-56,-97,-420,493,-63,-25,-87,-240,-370
426,9,9,-245,-268,-173,-10,142,-142,-461,27,39,405
427,1,1,-183,276,-128,-186,71,-140,-221,-53,-7,-60
428,4,4,-176,15,-53,-252,432,-203,-201,-36,-102,-251
429,8,8,-228,-350,10,74,-197,-55,-212,-102,493,81
430,1,1,-56,309,-92,-323,-4,-134,-81,-113,-50,-247
431,8,8,-166,-209,192,-12,-325,-16,-151,-60,326,-59
432,4,4,-333,-117,-1,-149,361,10,-79,-159,-119,-175
433,5,5,-361,-275,-404,173,-98,453,-162,-125,100,-16
434,9,9,-240,-292,-98,149,26,-136,-492,84,22,320
435,8,8,-180,-267,-64,123,-268,-98,-342,-56,324,216
436,8,8,-3,-247,2,4,-210,-161,-151,-115,322,50
437,3,3,-571,-96,-338,760,-314,62,-496,-126,153,-92
438,7,7,-73,-144,-36,65,-176,-199,-488,292,-89,101
439,6,6,55,-312,-231,-200,-105,128,382,-372,28,-194
440,0,0,453,-379,-176,-157,-430,20,-44,-72,-115,-138
441,0,0,391,-262,-13,-208,-235,-137,27,-227,-90,-146
442,3,3,-548,-160,-339,642,-235,209,-418,-66,-109,31
443,0,0,190,-98,-49,-141,-229,-40,-18,-69,-18,-98
444,2,2,-235,-76,416,241,-574,-358,-480,92,240,-200
445,6,0,251,-425,-124,-136,-55,38,112,-216,-49,-1
446,6,6,25,-487,-182,-69,-262,126,399,-517,183,-155
447,4,4,-143,-155,-146,-194,266,-154,-259,-2,-159,97
448,9,9,-266,-425,-227,214,-45,21,-382,-245,223,373
449,3,3,-442,-165,-349,453,-331,374,-306,-191,19,-62
450,3,3,-530,-125,-449,462,-122,283,-412,-257,-1,130
451,3,3,-572,-214,-64,654,-403,-7,-739,14,70,83
452,2,2,-110,160,450,-91,-294,-327,-255,-10,7,-331
453,3,3,-281,-136,-168,541,-303,-31,-338,-134,78,-42
454,9,9,-213,-382,-98,1,139,-53,-458,69,-78,365
455,1,1,-105,327,-106,-226,13,-227,-245,-23,-87,-177
456,2,2,-63,117,313,-81,-231,-316,-250,69,27,-204
457,6,6,-10,-347,-220,-163,-214,187,378,-392,152,-253
458,8,8,-160,-380,-75,224,-300,-149,-279,-149,533,117
459,0,0,357,-301,-89,-99,-218,-45,-2,-191,-117,-5
460,5,5,-284,-271,-345,27,-19,284,-234,-79,79,208
461,6,6,-16,-289,-224,-171,-18,15,485,-371,-8,-403
462,6,6,25,-460,-235,-84,-228,162,385,-328,59,-170
463,6,6,85,-403,-310,-173,-134,93,547,-442,-67,-241
464,3,3,-418,-268,-164,476,-381,-41,-746,129,125,198
465,8,8,-232,-339,5,171,-296,-113,-372,-81,515,139
466,8,8,-98,-307,46,-33,-180,-177,-206,-189,464,86
467,2,2,-120,79,477,112,-582,-453,-480,141,-4,-256
468,7,7,-398,-206,-3,256,-186,-211,-772,322,39,134
469,5,5,-444,-349,-336,279,-336,439,-242,-336,163,182
470,8,8,-249,-203,59,150,-329,-116,-233,-163,501,-66
471,9,9,-131,-272,-143,57,-41,-62,-371,61,23,296
472,6,6,24,-290,-240,-231,-9,72,420,-276,-81,-221
473,1,1,-118,212,-91,-152,46,-120,-176,-52,1,-56
474,8,8,-142,-435,42,122,-230,-118,-121,-268,532,-4
475,4,4,-387,-291,-173,-164,502,-14,-339,71,-291,150
476,1,1,-101,274,-59,-223,-45,-154,-191,-71,9,-166
477,2,2,-157,94,490,74,-364,-335,-337,-34,29,-316
478,5,5,-196,-252,-135,63,-172,246,138,-315,106,-159
479,9,9,-200,-285,-175,76,46,74,-311,-117,38,283
480,1,1,-99,278,-120,-236,9,-140,-101,-65,-24,-203
481,9,9,-281,-314,-174,-2,109,-77,-478,44,21,426
482,7,7,-189,-102,11,65,-278,-148,-588,459,-256,7
483,5,5,-80,-141,-292,-24,-142,240,-105,69,-12,-33
484,4,4,-308,-153,-148,-302,477,-51,-181,-39,-127,0
485,0,0,342,-232,-12,-174,-277,-75,-49,-152,-135,-54
486,8,8,-346,-209,41,148,-141,-152,-241,-55,463,-33
487,9,9,-222,-364,-165,33,89,55,-363,9,-127,363
488,9,9,-164,-339,-127,58,45,-192,-475,116,65,345
489,1,1,-104,286,-123,-240,50,-161,-176,-15,-65,-141
490,0,4,139,-153,68,-252,180,-225,-15,-130,-130,-174
491,5,5,-385,-370,-321,122,-152,479,-133,-288,-37,217
492,2,2,-224,-97,381,163,-458,-193,-238,-120,263,-278
493,3,3,-538,-92,-143,751,-422,-96,-574,-72,95,-51
494,7,7,-196,-183,-58,139,-270,-212,-649,436,-100,98
495,8,0,184,-441,156,-45,-149,-184,4,-381,171,-97
496,9,9,-277,-303,-132,-9,132,-43,-397,-12,-15,400
497,4,4,-276,10,-246,-214,280,-89,-236,-133,86,128
498,0,0,228,-267,-125,-173,-248,-126,-66,-58,57,8
499,6,6,-15,-230,-110,-156,-21,22,308,-334,117,-206
500,3,3,-433,-125,-306,679,-320,-16,-600,-34,-56,96
501,9,9,-194,-438,-64,86,31,-142,-511,48,-48,449
502,5,5,-241,-366,-228,192,-217,352,-104,-268,75,56
503,2,2,-27,-34,665,-21,-414,-380,-391,46,-104,-385
504,1,1,-154,224,-135,-192,74,-104,-173,-15,-69,-56
505,3,3,-472,-139,-20,578,-484,-130,-592,-108,238,49
506,1,1,-84,289,-96,-353,46,-160,-113,-50,-50,-212
507,3,3,-536,-80,-210,543,-144,82,-393,-98,57,-56
508,6,6,39,-341,-76,-210,-257,126,355,-465,226,-241
509,5,5,-400,-215,-296,91,-223,467,-224,-279,50,200
510,7,7,-316,-200,-11,194,-171,-233,-692,379,5,100
511,4,4,-242,72,-285,-235,234,-96,-277,-74,63,106
512,2,2,-58,29,492,-20,-367,-387,-312,24,57,-257
513,2,2,-75,22,555,6,-180,-335,-319,-21,-159,-393
514,6,6,113,-323,-361,-226,-45,22,442,-308,-20,-300
515,3,3,-519,-58,13,425,-211,-71,-487,40,65,35
516,2,2,-180,-21,463,-88,41,-245,-162,-107,-19,-484
517,6,6,87,-351,-206,-210,-64,12,503,-437,44,-284
518,5,5,-270,-245,-227,12,-292,462,-87,-302,119,58
519,4,4,-420,59,-262,-185,411,-137,-407,-12,-32,88
520,8,8,-121,-70,-147,-90,-82,-89,-130,-219,328,7
521,9,9,-362,-198,-225,55,133,-41,-430,-102,35,415
522,7,7,-437,-153,3,215,-20,-175,-644,359,-178,127
523,1,1,-268,301,-96,-252,114,-210,-296,30,4,-187
524,3,3,-401,28,-59,367,-117,38,-196,-98,49,-297
525,0,0,428,-355,-67,-187,-320,-36,64,-192,-121,-67
526,3,3,-382,-52,-365,533,-289,153,-482,-147,-20,103
527,8,8,-45,-469,129,77,-390,-15,-122,-272,441,-67
528,3,3,-447,-11,70,487,-348,-70,-440,106,45,-223
529,1,1,-150,283,-134,-209,5,-118,-154,-109,18,-156
530,9,9,-307,-176,-66,-57,145,-97,-382,-67,66,337
531,3,3,-202,-186,-44,344,-251,1,-131,-189,40,-85
532,4,4,-51,-138,-85,-169,255,-130,-192,-90,-152,84
533,4,4,-119,-80,-106,-408,490,-97,-96,-58,-299,-211
534,6,6,-40,-309,-179,-134,-103,78,463,-510,87,-324
535,4,4,-166,-245,9,-124,388,-226,-170,-56,-55,-79
536,2,2,-64,88,347,-43,-314,-334,-256,84,41,-204
537,1,1,-74,310,-103,-310,15,-143,-113,-101,-58,-223
538,8,8,-22,-189,-44,-43,-142,-112,-94,-210,313,15
539,2,2,-59,-71,487,61,-102,-355,-307,-10,-112,-412
540,5,5,-429,-238,-262,43,-323,499,-261,-273,111,206
541,4,4,-257,-137,-218,-253,461,-68,-231,19,-249,-31
542,8,8,-219,-226,-38,24,37,23,-111,-101,173,88
543,8,8,-242,-97,53,135,-114,-83,-260,29,143,16
544,4,4,-286,51,-215,-418,485,-74,-187,22,-185,-214
545,0,0,218,-251,5,-81,-171,-153,-167,-47,-43,47
546,0,0,433,-328,-103,-152,-281,-48,45,-238,-150,-55
547,2,2,-241,-42,399,140,-471,-307,-394,11,300,-217
548,3,3,-542,-226,-218,582,-168,180,-394,-42,-80,9
549,2,2,34,-18,495,-64,-310,-245,-405,20,-211,-229
550,7,7,-258,-209,-41,127,-33,-156,-454,247,4,143
551,7,7,-367,-42,-26,159,-138,-208,-545,216,8,109
552,0,0,276,-377,-216,-117,-295,53,59,-176,13,-39
553,8,8,-342,-251,-78,55,-110,93,152,-407,397,-303
554,7,7,-215,-63,-86,-91,50,-161,-339,403,-29,-144
555,4,4,-109,-111,-170,-170,311,-127,-154,-81,-98,11
556,4,4,-314,-290,0,-105,473,-146,-224,-69,-155,-66
557,7,7,-233,-51,63,93,-225,-316,-594,307,49,76
558,9,9,-344,-230,-274,15,128,-109,-562,46,90,440
559,6,6,97,-452,-200,-192,90,-37,374,-266,-130,-169
560,9,9,-181,-335,-120,79,79,-168,-407,34,37,359
561,0,0,312,-294,-31,-134,-219,-37,-82,-98,-162,49
562,9,9,-129,-313,-44,75,-17,-94,-267,17,48,261
563,8,8,-201,-275,70,89,-174,-138,-202,-196,420,65
564,0,0,307,-195,-68,-137,-272,-12,-76,-62,-137,-54
565,4,4,-413,-81,-181,-180,458,-146,-414,92,-74,131
566,6,6,-21,-212,-164,-101,49,9,299,-282,-6,-222
567,0,0,275,-172,-11,-130,-313,19,-76,-61,-114,-90
568,6,6,-2,-320,-252,-171,-139,71,484,-487,114,-314
569,3,3,-483,-24,12,353,6,-31,-260,-44,58,-273
570,5,5,-228,-148,-260,47,-349,432,-242,-200,87,67
571,4,4,-268,-181,-47,-94,362,-143,-412,105,-189,138
572,8,8,-257,-285,-22,201,-153,-135,-333,-136,369,143
573,3,3,-298,-38,-133,493,-268,5,-455,-29,-168,-44
574,3,3,-310,-208,-216,555,-313,48,-436,-123,78,69
575,9,9,-399,-267,-290,13,140,-45,-572,-45,90,506
576,3,3,-507,-62,-265,734,-429,50,-492,-59,65,-132
577,3,3,-559,-179,-213,676,-322,-50,-543,18,127,92
578,3,3,-354,-100,60,425,-460,-141,-555,72,136,-29
579,7,7,-117,-199,-188,-14,-85,-122,-417,311,26,120
580,8,8,-180,-301,-94,139,-367,-116,-388,-170,528,159
581,0,0,410,-311,-116,-266,-346,64,96,-179,-170,-115
582,8,2,-184,-13,277,84,-161,-315,-257,-17,214,-222
583,2,2,-187,-109,295,189,-339,-347,-452,220,142,-123
584,1,1,-259,288,-159,-197,89,-103,-299,-51,-81,-27
585,7,7,-249,-50,65,126,-288,-279,-684,461,-169,17
586,0,0,321,-197,-56,-140,-283,-16,56,-198,-117,-125
587,6,6,85,-389,-141,-177,-41,46,397,-422,-28,-278
588,5,5,-255,-333,-397,116,-181,441,-93,-162,-46,147
589,4,4,-373,-11,-101,-236,468,-61,-283,-83,-84,38
590,3,3,-543,-28,-226,665,-220,-20,-545,-116,48,-1
591,8,8,73,-132,121,-2,-349,-89,-21,-200,174,-264
592,0,0,440,-340,-32,-175,-288,-96,-36,-251,-123,-43
593,9,9,-294,-266,-274,72,43,-105,-480,24,185,389
594,6,6,-51,-277,-178,-208,-66,98,435,-498,67,-288
595,3,3,-557,-90,-122,523,-26,35,-326,-100,26,-155
596,8,8,-233,-391,92,104,-331,-35,-214,-149,448,93
597,0,0,243,-380,-30,-157,-11,-5,7,-129,-146,-29
598,9,9,-378,-280,-186,60,119,-141,-571,18,133,462
599,9,9,-347,-408,-109,15,118,-21,-562,49,-16,438
600,6,6,-27,-299,-175,-131,-73,76,446,-426,13,-264
601,8,8,-68,-185,-54,-67,-172,-113,-163,-73,360,60
602,6,6,58,-529,-263,-173,-90,38,566,-390,46,-273
603,8,8,-321,-357,-53,112,-249,103,-84,-243,405,94
604,5,5,-358,-319,-310,11,-285,569,-177,-260,82,154
605,7,7,-369,-154,-117,167,-52,-159,-625,256,1,201
606,8,8,-182,-291,-6,78,-155,-32,-98,-326,462,-102
607,6,6,-10,-371,-262,-101,-65,32,508,-406,25,-341
608,0,0,388,-272,-18,-155,-252,-81,-53,-138,-203,-8
609,2,2,-87,-42,491,17,-469,-361,-329,63,117,-210
610,4,4,-99,-99,-33,-395,426,-185,-51,-200,-112,-163
611,0,0,311,-309,-213,-126,-192,-45,3,-5,-174,-49
612,2,2,-122,-22,462,55,-169,-265,-243,-22,-77,-335
613,2,8,-77,-94,192,80,-290,-283,-310,34,214,-30
614,3,3,-354,-77,-133,414,-197,-87,-461,49,-7,99
615,1,1,-134,354,-27,-334,47,-240,-174,-116,-10,-290
616,9,9,-331,-347,-207,121,71,43,-424,-34,-20,400
617,7,7,-273,-150,171,159,-229,-320,-624,497,-126,-76
618,5,5,-288,-357,-344,88,-255,479,-165,-261,-44,227
619,1,1,-268,195,-35,10,-141,-110,-230,-70,149,-201
620,0,0,324,-208,20,-160,-289,-85,37,-173,-81,-199
621,8,8,-144,-264,-6,23,-234,-60,-107,-249,440,10
622,4,4,-122,-100,-132,-346,455,-133,-92,-204,-181,-31
623,6,6,-2,-279,-129,-205,32,19,479,-515,-55,-421
624,2,2,-67,61,338,-57,-324,-368,-280,-39,181,-213
625,6,6,-69,-293,-50,-238,255,-72,260,-306,-84,-261
626,7,7,-216,-129,8,167,-290,-336,-736,427,-61,84
627,9,9,-97,-310,-91,16,45,-123,-269,-34,64,319
628,3,3,-580,-173,-27,398,-160,-75,-640,82,129,167
629,2,2,9,-212,288,40,16,-221,-170,-106,-94,-170
630,9,9,-249,-350,-129,-48,8,143,-283,-48,-15,300
631,8,8,-226,-299,108,168,-332,-151,-280,-65,549,-27
632,2,2,-11,-148,535,38,-416,-292,-214,-36,-13,-355
633,2,2,-137,125,554,-63,-275,-334,-214,-72,9,-491
634,9,9,-377,-442,-115,94,131,-65,-623,67,-31,473
635,2,2,-120,85,317,-14,-121,-318,-83,-85,-22,-479
636,7,7,-170,-213,-183,34,-133,-54,-446,392,-125,125
637,3,3,-253,-158,-66,436,-288,-49,-288,-77,137,-80
638,5,5,-19,-216,-400,-41,-273,319,-115,82,7,-64
639,9,9,-127,-228,-144,-13,47,-166,-421,16,4,327
640,1,1,-287,302,-157,-85,28,-128,-280,-74,3,-118
641,8,8,-159,-470,31,88,-199,-87,-27,-339,547,-51
642,0,0,292,-377,-2,-196,-37,-56,26,-142,-106,-101
643,2,2,-140,149,545,37,-428,-440,-457,128,-84,-331
644,0,0,412,-366,-23,-165,-361,-59,-10,-135,-83,-90
645,5,5,-410,-325,-340,217,-115,384,-93,-336,27,127
646,2,2,10,17,236,-276,83,-213,84,-254,-31,-449
647,1,1,-262,316,-129,-187,68,-159,-324,-5,-54,-43
648,3,3,-659,-121,-264,717,-211,14,-593,-71,110,39
649,7,7,-190,-95,49,113,-272,-200,-554,309,-55,67
650,6,6,47,-263,-237,-150,-116,115,353,-376,17,-202
651,7,7,-269,-155,-95,49,-98,-243,-639,432,-71,173
652,1,1,-151,296,-126,-229,30,-170,-221,-72,17,-85
653,2,2,-45,58,400,-8,-287,-345,-256,59,-13,-265
654,5,5,-150,-137,-201,82,-199,287,-164,-113,1,0
655,8,8,-287,-167,185,236,-401,-189,-320,-93,521,-195
656,0,0,384,-221,-112,-211,-384,13,-13,-81,-151,-142
657,3,3,-516,-80,-220,622,-337,72,-584,-64,1,60
658,7,7,-105,-100,-182,-192,59,-146,-411,362,-194,46
659,2,7,-159,77,76,77,-194,-328,-426,143,108,-24
660,4,4,-121,-3,-58,-387,461,-114,-146,-70,-197,-218
661,0,0,332,-163,-94,-231,-263,-51,68,-211,-127,-196
662,9,9,-395,-335,-144,140,112,-26,-529,-1,6,420
663,1,1,-153,273,-168,-203,35,-134,-192,-87,6,-97
664,8,8,-199,-238,-8,-29,-246,31,-107,-219,430,18
665,6,6,50,-404,-335,-242,-46,90,547,-356,-23,-352
666,7,7,-114,-26,-86,22,-136,-235,-440,282,3,64
667,7,7,-84,2,40,30,-210,-175,-297,139,59,6
668,4,4,-311,-66,-105,-206,499,-91,-193,-37,-200,-166
669,3,3,-458,-40,-125,504,-315,-47,-433,30,52,-16
670,4,4,-334,21,-227,-172,385,-154,-405,33,-50,39
671,9,9,-169,-417,-102,123,104,-118,-339,-7,-83,360
672,1,1,-102,335,-94,-268,6,-185,-175,-60,-50,-209
673,9,9,-81,-590,-214,30,78,-88,-282,-75,111,412
674,5,3,-434,-147,-315,345,-111,326,-124,-249,-136,-75
675,1,1,-125,277,-147,-211,29,-128,-149,-90,2,-136
676,7,7,-106,-216,13,106,-283,-303,-604,405,40,49
677,3,3,-78,-256,-82,440,-346,-94,-346,-178,47,-7
678,9,9,-156,-323,-107,-34,108,-55,-359,58,-127,338
679,7,7,-220,-69,55,101,-326,-218,-625,322,-47,55
680,6,6,-1,-364,-100,-184,-34,40,489,-417,-58,-336
681,9,9,-406,-353,-75,116,136,-34,-577,83,-54,353
682,1,1,-183,287,-116,-244,99,-129,-192,-51,-86,-88
683,3,3,-365,-82,-259,388,-136,137,-319,-117,-56,82
684,7,3,-412,43,126,255,-148,-140,-505,191,-116,-57
685,8,8,-177,-274,52,45,-183,-140,-282,-85,335,162
686,3,3,-475,-74,-83,554,-339,-66,-563,16,-20,36
687,3,3,-504,-79,-55,531,-280,-129,-492,-14,135,24
688,6,6,-71,-333,-172,-129,-97,131,378,-447,118,-253
689,7,7,-81,17,-134,-163,32,-108,-262,185,-123,14
690,2,2,-167,-37,523,139,-461,-401,-374,-3,151,-271
691,8,8,-409,-282,74,44,-15,-28,-135,-35,273,-45
692,5,5,-96,-147,-339,-51,-245,285,-165,-6,39,47
693,8,8,-227,-316,-183,50,-169,-2,-155,-254,469,115
694,5,5,-234,-142,-515,-65,-184,475,-108,-240,190,1
695,1,1,-122,329,-120,-252,36,-203,-242,13,-92,-154
696,1,1,-172,141,-91,-48,-105,-99,-237,-6,109,24
697,4,4,-307,-193,68,-189,486,-81,-233,-146,-124,-77
698,4,4,-440,-245,-185,-88,339,-76,-317,55,-17,216
699,3,3,-512,-164,-237,449,-115,93,-481,52,-35,140
700,1,1,-262,302,-90,-138,36,-182,-328,-43,40,-58
701,0,0,356,-408,110,-77,-96,-262,-115,-288,-79,5
702,7,7,-166,-116,19,103,-220,-273,-585,334,-58,89
703,7,7,-407,-75,46,260,-176,-214,-636,440,-184,-13
704,0,0,330,-225,118,-140,-184,-265,-75,-173,-64,-130
705,7,7,-238,-85,-25,86,-119,-300,-614,406,-92,111
706,9,9,-297,-307,-151,29,50,-26,-480,54,3,402
707,4,4,-338,-204,-152,-69,330,-134,-373,-15,19,222
708,4,4,-394,-75,-166,-267,438,-1,-219,-120,-23,59
709,8,8,-196,-290,33,107,-359,-146,-273,-221,579,42
710,5,5,-363,-330,-426,173,-318,607,-276,-254,117,54
711,5,5,-222,-261,-286,139,-356,488,-187,-264,28,56
712,4,4,-294,-94,11,-170,384,-89,-371,-48,-213,122
713,0,0,316,-197,-59,-101,-290,-47,-58,-98,-125,-46
714,8,8,-173,-332,-3,71,-251,51,-65,-199,451,-48
715,2,2,-171,-117,607,258,-768,-458,-522,116,180,-328
716,1,1,-102,151,-38,-74,-199,-197,-309,133,74,-56
717,0,0,110,-325,-52,-97,15,-9,-17,-16,-136,-91
718,8,8,-129,-318,97,47,-326,-155,-146,-219,491,16
719,4,4,-447,-196,-75,-152,547,-196,-388,69,-145,45
720,5,8,-198,-267,-105,40,-219,168,189,-326,277,-261
721,0,0,338,-236,19,-121,-203,-104,-72,-176,-197,20
722,4,4,-345,-248,-98,-228,521,-58,-323,55,-285,64
723,0,0,228,-166,-214,-147,-78,36,63,-185,-169,-110
724,6,6,24,-225,-118,-149,-91,38,397,-357,0,-271
725,1,1,-93,279,-111,-244,24,-128,-126,-68,-43,-170
726,7,7,-244,-136,-73,-43,25,24,-271,132,-153,102
727,3,3,-408,-29,-102,527,-405,-148,-487,-47,164,-14
728,2,2,-121,-114,477,171,-622,-484,-449,95,243,-194
729,6,6,5,-368,-110,-193,-137,74,487,-513,156,-400
730,7,7,-12,-171,-255,-154,-180,47,-237,363,-170,-37
731,2,2,-135,4,530,56,-275,-223,-372,61,-166,-325
732,6,6,69,-412,-294,-188,-111,87,478,-321,-52,-187
733,9,9,-385,-362,-108,106,55,-20,-467,-66,135,402
734,3,3,-519,-35,-228,561,-215,75,-439,-57,-43,5
735,1,1,-191,277,-103,-188,37,-125,-180,-96,20,-125
736,4,4,-143,-204,-91,-287,480,-118,-129,-146,-180,-83
737,6,6,233,-377,-237,-230,-68,42,346,-338,-260,-116
738,2,2,-134,-138,448,196,-656,-359,-387,-43,268,-201
739,5,5,-259,-268,-304,50,-219,466,-3,-280,-61,-6
740,4,9,-367,-48,-87,-78,235,-121,-473,94,-42,236
741,2,2,-62,-123,371,86,-542,-361,-404,102,194,-123
742,0,0,396,-330,-45,-264,-380,-40,19,-117,-72,-122
743,6,6,-2,-287,-258,-115,-47,55,423,-451,21,-256
744,2,2,-2,-12,452,-22,-163,-295,-389,-32,-134,-192
745,1,1,-128,337,-124,-259,14,-248,-289,3,-61,-160
746,7,7,-213,-78,-67,8,-73,-245,-537,330,-57,159
747,3,3,-343,-157,-177,555,-510,-40,-571,-21,92,82
748,4,4,-367,-107,16,-95,422,-106,-394,2,-188,76
749,1,1,-78,208,-117,-220,27,-104,-121,-32,-13,-104
750,0,0,378,-290,-76,-136,-217,-83,34,-239,-117,-46
751,5,5,-371,-463,-385,148,-302,596,-149,-345,49,193
752,4,4,-179,72,-172,-454,514,-214,-292,0,-237,-127
753,3,3,-610,-56,-44,617,-179,-70,-593,24,-38,-32
754,1,1,-108,321,-102,-261,32,-167,-184,-35,-69,-179
755,1,1,-171,268,-116,-204,82,-131,-214,-67,-4,-51
756,7,7,-159,-116,91,101,-330,-240,-608,341,-87,41
757,4,4,-356,-94,-197,-230,526,-112,-292,-123,-46,81
758,9,9,-240,-360,-174,16,122,-120,-407,12,74,411
759,9,9,-276,-344,-123,191,-54,-68,-438,-31,99,353
760,4,4,-221,-126,-144,-66,270,-161,-308,-35,-77,166
761,8,8,88,-247,-29,-95,-378,-106,-6,-248,321,-85
762,4,4,-135,-342,-146,-186,407,-66,-92,-159,-198,98
763,0,0,321,-238,-7,-116,-393,37,-174,-129,-225,3
764,2,2,-47,-178,487,111,-339,-350,-356,113,2,-274
765,4,4,-254,-37,-238,-340,455,-77,-191,-103,-112,9
766,5,5,-365,-388,-371,100,-356,573,-141,-329,141,155
767,1,1,-109,304,-42,-324,66,-246,-221,-1,-68,-170
768,1,1,-107,293,-142,-285,23,-100,-83,-142,-18,-220
769,6,6,60,-342,-208,-234,-143,135,447,-453,41,-246
770,4,4,-146,-50,-142,-451,514,-263,-301,-44,-128,-44
771,7,7,-92,-181,-119,-122,-165,-137,-427,407,-67,63
772,1,1,-218,262,-121,-178,44,-147,-292,13,-35,-10
773,9,9,-311,-261,-115,84,122,-127,-475,52,36,364
774,4,4,-323,-98,-73,-127,348,-75,-297,-59,-47,178
775,2,2,-116,-39,529,168,-554,-448,-359,96,63,-344
776,4,4,-415,-184,-84,-194,477,61,-111,-100,-231,-162
777,1,1,-191,281,-125,-136,-26,-161,-289,-83,63,-112
778,5,5,-386,-407,-323,105,-173,463,16,-411,119,115
779,5,5,-78,-240,-339,-76,-293,383,-18,-205,93,39
780,3,3,-274,-21,-170,399,-262,116,-414,37,-149,-65
781,8,8,-140,-229,-47,90,-239,18,-78,-159,297,25
782,3,3,-511,31,-99,560,-195,-16,-464,-30,-6,-163
783,1,1,-124,271,-110,-217,42,-127,-148,-67,-19,-114
784,4,4,-393,8,-102,-241,518,-135,-266,11,-236,-166
785,5,5,-326,-167,-327,164,-226,459,-194,-171,-67,59
786,6,6,97,-213,-221,-184,-68,119,264,-310,-54,-170
787,8,8,-339,-450,42,276,-363,-110,-279,-129,543,78
788,9,9,-298,-329,-159,69,149,-118,-457,2,71,406
789,4,4,-149,-43,-75,-230,336,-121,-177,-75,-154,-27
790,1,1,-82,207,-181,-151,-95,-83,-141,-113,44,-155
791,5,5,-418,-357,-245,31,36,377,-325,-85,-104,280
792,3,3,-437,-128,-93,722,-542,-153,-724,-1,77,40
793,8,8,-232,-352,140,161,-424,-153,-139,-204,578,-100
794,0,0,430,-327,32,-205,-296,-205,15,-222,-66,-120
795,3,3,-201,-72,-110,310,-149,34,-222,-109,-93,-14
796,2,2,-137,-29,629,38,-239,-296,-306,-33,-72,-476
797,5,5,-61,-101,-131,-83,-331,214,-73,-117,147,-29
798,1,1,-236,315,-121,-146,43,-160,-276,-60,16,-125
799,2,2,-184,274,574,7,-218,-465,-476,150,-221,-532
800,8,8,-93,-446,-28,80,-70,-40,-9,-312,361,21
801,3,3,-566,-46,-249,649,-208,117,-368,-57,-80,-188
802,4,4,-228,4,-191,-414,458,-120,-258,76,-194,-120
803,4,4,-111,-181,-4,-293,486,-204,-178,-142,-148,-87
804,0,0,331,-342,-54,-102,-201,-55,-115,-121,-173,91
805,8,8,-154,-356,-88,113,-326,-45,-314,-161,524,146
806,8,8,-257,-328,92,92,-206,-101,-85,-173,547,-119
807,3,3,-598,-135,-319,677,-197,57,-471,-163,95,53
808,3,3,-358,-91,-189,479,-195,29,-550,-71,-114,122
809,1,1,-64,209,-69,-188,-8,-119,-125,-51,2,-107
810,7,7,-173,-81,166,164,-203,-277,-568,344,-92,-65
811,3,3,-332,-98,-171,555,-398,-69,-585,-54,26,88
812,5,5,-433,-380,-413,81,-225,647,-103,-323,-11,178
813,9,9,-160,-477,-193,70,-54,-149,-423,78,235,353
814,6,6,-16,-322,-174,-198,-38,59,499,-496,32,-329
815,3,3,-222,-72,-102,425,-276,-59,-504,-52,-68,58
816,2,2,-162,90,521,104,-560,-488,-487,66,105,-270
817,6,6,190,-249,-204,-314,13,-2,364,-365,-205,-227
818,1,1,-86,304,-75,-274,-62,-123,-47,-227,53,-279
819,3,3,-409,-55,-189,563,-184,9,-496,-53,-97,35
820,6,6,86,-455,-177,-171,-148,41,539,-527,93,-320
821,0,0,382,-270,-54,-160,-289,-61,34,-166,-139,-54
822,7,7,-122,-254,-153,60,-247,-44,-532,440,-173,111
823,2,2,-49,-119,410,15,-224,-339,-240,-113,126,-251
824,1,1,-81,304,-133,-315,71,-127,-113,-82,-63,-200
825,7,7,-210,-139,-55,45,-131,-302,-609,460,-86,113
826,1,1,-124,296,-159,-245,35,-117,-118,-110,-20,-191
827,4,4,-286,-112,-168,-154,333,-64,-224,-37,45,63
828,2,2,-142,-111,449,155,-502,-316,-293,-49,219,-240
829,4,4,-109,-93,-61,-245,289,-263,-273,-67,59,-53
830,2,2,-90,19,338,-125,-1,-189,-186,-42,2,-284
831,1,1,-148,252,-132,-167,14,-206,-306,0,-17,-27
832,7,7,-391,-78,-34,172,-3,-222,-552,380,-96,40
833,9,9,-328,-239,-221,-40,180,-37,-480,92,-99,387
834,6,6,-47,-22,-101,-189,-22,-46,304,-410,53,-443
835,1,1,-100,291,-116,-239,31,-150,-175,-16,-71,-155
836,1,1,-96,302,-45,-290,28,-249,-234,-36,-29,-165
837,2,2,-61,63,455,-46,-371,-421,-264,36,99,-288
838,4,4,-309,-182,-16,-208,477,-70,-262,26,-217,-42
839,8,8,-85,-362,-78,105,-54,-46,-76,-376,317,-21
840,1,1,-101,310,-104,-277,11,-270,-310,-11,-34,-144
841,7,7,-144,-199,-92,-62,34,-146,-360,413,-174,39
842,7,7,-135,-36,53,108,-207,-227,-459,220,-30,36
843,4,4,-366,-154,-120,-262,584,-46,-234,-81,-222,-75
844,8,8,-190,-238,-29,96,-220,15,-131,-3,260,30
845,0,0,310,-356,52,-62,-172,-192,-153,-175,-31,4
846,7,7,49,-266,-58,26,-200,-133,-453,211,-59,109
847,3,3,-544,-60,-65,608,-346,-92,-553,-9,127,-31
848,1,1,-91,314,-143,-349,22,-158,-121,-85,-28,-223
849,3,3,-375,-81,-165,610,-413,-89,-484,-93,43,-7
850,1,1,-98,294,-66,-243,-31,-173,-200,-64,-14,-176
851,0,0,399,-247,-21,-240,-315,-131,46,-240,-97,-157
852,7,7,-166,-85,-8,85,-176,-160,-475,280,-76,79
853,7,7,-214,-121,-6,156,-298,-311,-630,312,88,87
854,0,0,348,-297,-97,-80,-229,-102,-71,-137,-97,-15
855,3,3,-558,-139,-139,632,-329,-61,-517,-27,130,30
856,5,5,-101,-165,-289,-11,-237,364,-150,-61,54,-24
857,5,5,-334,-126,-367,175,-301,396,-221,-360,84,113
858,2,2,37,-73,452,-36,-170,-408,-257,-31,5,-322
859,7,7,-149,-37,-128,-102,-29,-173,-406,317,-50,82
860,6,6,53,-357,-201,-168,-125,57,514,-489,19,-278
861,6,6,57,-228,-220,-147,-66,75,356,-373,-34,-173
862,9,9,-292,-348,-143,-96,206,-36,-452,16,-20,419
863,2,2,-49,-164,378,-7,-133,-276,-160,-69,55,-263
864,8,8,-245,-429,48,162,-273,-28,-235,-254,613,-17
865,3,3,-414,-84,-118,457,-253,69,-466,-3,-96,29
866,5,5,-258,-355,-181,-107,-161,369,21,-261,130,114
867,2,2,-51,-5,502,23,-552,-429,-314,41,93,-253
868,2,2,7,-136,347,-22,-168,-183,-159,-106,-28,-182
869,5,5,-408,-259,-482,165,-353,609,-312,-289,137,167
870,6,6,16,-253,-148,-151,-196,93,342,-428,169,-281
871,0,0,428,-364,42,-162,-248,-239,3,-250,-35,-114
872,8,8,-249,-289,42,186,-246,-217,-394,-43,419,142
873,2,2,-104,111,532,19,-344,-408,-462,145,-150,-321
874,9,9,-154,-229,-210,-5,79,-147,-351,-17,20,291
875,2,2,2,-205,496,5,-383,-307,-304,20,59,-275
876,8,8,-499,-218,102,304,-329,-13,-222,-155,532,-302
877,8,8,-25,-407,37,-107,-120,-29,127,-266,332,-88
878,8,8,-168,-475,-7,217,-357,-69,-232,-177,470,112
879,8,8,-188,-302,-51,15,-209,30,-10,-292,501,-104
880,7,7,-161,-137,60,94,-221,-218,-593,342,-78,47
881,4,4,-535,-99,-239,-101,452,-13,-491,-23,-103,240
882,9,9,-137,-153,-175,60,-1,-159,-306,71,91,203
883,3,3,-225,-46,-138,262,-181,142,-272,-67,-75,14
884,0,0,333,-247,-36,-153,-254,-48,-32,-56,-137,-67
885,6,6,-12,-171,-132,-229,-30,45,404,-348,-31,-378
886,6,6,24,-287,-311,-176,-102,81,447,-381,-9,-188
887,3,3,-353,-158,-258,540,-285,58,-443,-208,112,86
888,2,2,-117,29,522,78,-302,-371,-400,123,-89,-355
889,1,1,-158,299,-141,-222,51,-123,-169,-59,-45,-138
890,3,3,-466,-104,-374,516,-181,218,-300,-198,-13,32
891,2,2,-65,54,542,-42,-395,-423,-249,-63,108,-383
892,2,2,-89,-11,589,-62,-375,-375,-253,96,-1,-365
893,9,9,-182,-353,-70,64,8,-131,-510,135,-16,342
894,3,3,-80,-210,-20,370,-431,-61,-263,-203,180,-161
895,0,0,266,-164,-8,-217,-307,-57,100,-251,40,-249
896,0,0,246,-270,27,-156,52,-223,104,-315,-76,-144
897,5,5,-255,-292,-187,-69,-242,457,25,-301,81,41
898,7,7,-375,16,201,212,-241,-335,-495,348,78,-201
899,8,8,-268,-388,42,138,-351,-10,-103,-231,640,-130
900,1,3,-292,94,-158,138,-76,7,-191,-100,10,-76
901,4,4,-501,-153,-109,-130,511,-73,-414,95,-157,82
902,4,4,-449,-19,-222,-174,342,-51,-402,78,-65,168
903,6,6,12,-441,-267,-108,-42,123,391,-460,-15,-60
904,0,0,337,-284,-85,-169,-402,38,-81,22,-138,-58
905,2,2,-67,71,520,-32,-363,-248,-378,68,-167,-320
906,9,9,-233,-359,-158,-2,101,-26,-460,132,-118,356
907,1,1,-123,288,-84,-244,71,-203,-232,16,-88,-147
908,4,4,-341,27,-145,-270,491,-137,-338,25,-175,-70
909,7,7,-221,-106,-52,57,-75,-83,-403,285,-117,90
910,4,4,-363,-80,-188,-232,528,-148,-391,66,-192,22
911,7,7,-241,-121,13,236,-411,-323,-779,384,-16,75
912,3,3,-520,-147,-350,705,-376,109,-599,-147,92,125
913,9,9,-199,-347,-113,-28,93,30,-355,-12,-116,371
914,8,8,-177,-249,-128,29,-201,-8,-144,-276,465,28
915,8,8,-118,-167,-39,-18,-286,26,12,-280,333,-100
916,4,4,-122,-287,56,-124,324,-171,-167,47,-173,-199
917,7,7,-195,-128,-38,71,-181,-207,-559,389,-103,107
918,1,1,-145,222,-123,-162,56,-101,-154,-44,-21,-59
919,2,2,-56,40,444,33,-308,-349,-267,52,-40,-346
920,1,1,-130,282,-113,-220,58,-174,-220,11,-84,-106
921,2,2,-32,-55,538,45,-175,-369,-306,51,-170,-426
922,2,2,-160,4,434,145,-491,-405,-448,114,102,-197
923,3,3,-499,-138,-172,757,-521,-71,-783,-16,41,85
924,2,2,-227,-39,274,225,-460,-363,-567,233,110,-107
925,3,3,-616,-67,-203,631,-250,78,-530,4,1,-1
926,2,2,122,-256,310,-151,-120,-195,-52,-246,126,-125
927,3,3,-345,-93,-204,589,-334,-29,-393,-108,29,-41
928,9,9,-298,-349,-5,66,57,-9,-465,3,9,302
929,1,1,-113,259,-95,-221,43,-150,-169,-25,-33,-105
930,7,7,-288,-71,84,127,-120,-288,-408,333,36,-94
931,4,4,-304,-77,-85,-177,351,-55,-233,-40,-80,110
932,0,0,346,-311,-80,-106,-187,-59,-90,-99,-190,44
933,3,3,-409,-48,-185,496,-138,10,-397,-48,-1,-15
934,5,5,-311,-412,-295,-132,-174,484,-53,-282,81,248
935,5,5,-433,-246,-426,234,-195,525,-263,-99,72,10
936,8,8,-134,-349,-123,-16,-285,143,93,-335,418,-116
937,6,6,14,-387,-225,-227,-60,113,521,-338,-87,-336
938,3,3,-509,-189,-427,457,-177,332,-359,-252,91,148
939,2,2,134,-171,374,-41,-364,-332,-276,23,-12,-118
940,6,6,3,-507,-98,-170,-226,119,434,-479,221,-159
941,7,7,-181,-176,0,101,-279,-211,-627,423,-131,96
942,6,6,55,-324,-246,-169,-54,95,459,-461,-41,-269
943,6,6,18,-297,-186,-108,-63,73,310,-388,73,-198
944,3,3,-325,16,-86,418,-325,-101,-367,-21,135,-67
945,2,2,-152,89,571,108,-516,-456,-447,-2,78,-344
946,7,7,-244,-4,65,94,-207,-297,-594,334,-39,43
947,8,9,-151,-295,-64,15,7,-185,-398,-61,173,316
948,1,1,-173,283,-120,-217,81,-128,-194,-51,-41,-83
949,1,1,-174,289,-143,-201,78,-136,-169,-140,29,-138
950,7,7,-323,-115,85,213,-135,-322,-603,324,-28,32
951,5,5,-386,-299,-343,-39,47,305,-268,35,-103,196
952,6,6,52,-254,-193,-148,39,53,254,-151,-124,-161
953,4,4,-312,20,-188,-259,477,-135,-329,3,-172,-21
954,9,9,-415,-213,-196,57,132,-21,-479,-53,14,425
955,5,5,-328,-395,-348,169,-148,398,4,-374,6,120
956,1,1,-236,125,-50,-15,13,73,-43,-307,-111,-232
957,3,3,-243,-173,-309,451,-210,112,-318,-180,35,98
958,3,3,1,-116,74,232,-308,-84,-307,-26,-51,-125
959,4,4,-420,-17,-147,-51,313,-12,-326,-89,-29,133
960,7,7,-311,-124,-149,66,-60,-82,-454,257,54,135
961,8,8,-196,-355,-62,186,-269,-125,-265,-228,532,82
962,9,9,-239,-289,-155,57,59,-155,-507,141,87,346
963,1,1,-107,242,-125,-215,50,-125,-164,-7,-63,-96
964,1,1,-109,245,-88,-202,77,-167,-176,5,-67,-131
965,6,6,179,-241,-193,-264,-199,100,228,-196,-13,-298
966,9,9,-248,-375,-213,73,-43,-97,-454,19,238,392
967,1,1,-88,292,-114,-289,43,-136,-144,-75,-50,-159
968,4,4,-304,46,-143,-363,525,-121,-188,-171,-134,-69
969,4,4,-257,-215,-118,-42,217,-65,-219,58,-26,133
970,5,5,-321,-352,-206,28,-189,406,-10,-355,84,147
971,4,4,-386,-77,-98,-227,543,-61,-269,-69,-140,-107
972,0,0,439,-323,-27,-158,-362,-102,-9,-198,-105,-83
973,6,6,84,-376,-228,-253,-108,55,533,-418,58,-316
974,2,2,-84,26,595,72,-600,-483,-397,31,45,-317
975,2,2,87,-302,386,30,-458,-177,-192,4,32,-247
976,3,3,-315,-128,-71,417,-304,-154,-409,-95,191,73
977,1,1,-47,253,-70,-302,33,-199,-174,-136,-100,-179
978,5,5,-389,-282,-316,86,-341,522,-241,-352,129,208
979,1,1,-190,299,-70,-152,-9,-188,-250,-55,37,-146
980,2,2,-36,28,465,-48,-174,-282,-224,16,-100,-365
981,0,0,415,-319,-24,-193,-254,-115,41,-243,-101,-70
982,3,3,-333,-92,107,462,-485,-274,-543,-14,213,-15
983,8,8,-160,-298,-72,-10,-76,-134,-154,-296,469,78
984,1,1,-162,260,-143,-199,73,-110,-168,-54,-32,-75
985,2,2,-196,-25,606,157,-627,-477,-412,-15,210,-321
986,6,6,32,-449,-184,-169,-193,101,505,-552,156,-242
987,7,7,-210,-174,-238,31,-38,-37,-367,345,-16,79
988,1,1,-146,212,-82,-132,24,-124,-224,-14,4,-31
989,6,6,62,-335,-129,-151,-97,16,370,-315,70,-181
990,2,2,-186,70,345,-28,36,-393,-404,209,-126,-367
991,3,3,-534,-142,-171,692,-527,17,-579,-5,193,-37
992,9,9,-262,-332,-95,-66,127,-83,-443,68,67,343
993,0,0,331,-200,-51,-183,-339,-105,-134,-12,-96,-138
994,1,1,-296,298,-50,-61,-74,-138,-293,-46,78,-155
995,2,2,110,-33,344,-52,-121,-176,-289,-122,-293,-251
996,2,2,-127,58,536,36,-350,-379,-238,-65,48,-435
997,0,0,443,-328,-9,-173,-290,-126,9,-235,-94,-150
998,8,8,-133,-391,-39,133,-242,6,-122,-128,429,-36
999,9,9,-144,-274,-80,-34,127,-93,-366,150,-101,231
1000,9,9,-210,-310,-215,138,57,-30,-388,-42,-62,327
1001,0,0,369,-230,-14,-203,-262,-86,6,-177,-151,-111
1002,2,2,-217,-11,350,207,-493,-396,-468,83,209,-166
1003,5,5,-423,-331,-457,371,-328,478,-222,-418,167,125
1004,1,1,-220,284,-131,-170,56,-130,-270,-60,21,-65
1005,9,9,-367,-292,-155,167,63,-139,-558,19,97,415
1006,7,7,-220,-152,-92,49,-99,-132,-525,331,-76,160
1007,8,8,-165,-276,-74,57,-157,-73,-234,-186,379,162
1008,1,1,-136,310,-146,-245,60,-128,-136,-171,30,-184
1009,0,0,357,-241,-61,-171,-283,-23,58,-177,-147,-85
1010,4,4,-421,-210,-234,-214,483,-129,-369,113,-70,141
1011,1,1,-105,330,-97,-279,-4,-121,-111,-181,9,-258
1012,7,7,-489,-61,66,220,2,-156,-586,311,-153,14
1013,9,9,-343,-243,-187,34,161,-64,-465,-32,-59,417
1014,6,5,0,-252,2,-64,-70,96,5,-151,63,1
1015,4,4,-392,-1,-199,-147,414,-124,-379,-3,-50,105
1016,2,2,-83,131,356,-10,-110,-258,-284,-33,-150,-317
1017,6,6,-13,-336,-94,-202,23,58,318,-206,-77,-178
1018,8,8,-281,-397,-4,208,-298,-48,-194,-232,549,26
1019,1,1,-160,333,-189,-327,59,-167,-179,-22,-28,-199
1020,3,3,-512,-65,-92,520,-297,-47,-456,21,54,11
1021,7,7,-122,-297,-91,47,-206,-81,-432,278,129,107
1022,5,5,-335,-485,-395,37,-163,467,-230,-237,57,357
1023,4,4,-95,-120,-177,-328,412,-65,-125,55,-340,-180
1024,4,4,-243,3,-272,-290,384,-137,-205,-140,66,-11
1025,1,1,-120,336,-152,-312,82,-165,-167,-55,-65,-199
1026,8,8,-141,-383,-134,69,-232,62,3,-232,345,92
1027,1,1,-108,294,-129,-282,34,-184,-237,-10,-77,-108
1028,3,3,-374,0,-175,475,-139,66,-425,-47,-139,-67
1029,8,8,-132,-278,-138,145,-295,-78,-254,-121,446,99
1030,1,1,-106,297,-134,-281,51,-152,-191,-14,-80,-141
1031,2,2,-212,92,500,-7,-70,-339,-382,153,-117,-465
1032,5,5,-66,-339,-91,-202,-249,213,104,-225,204,50
1033,8,8,-163,121,-24,-257,100,-248,-393,-131,174,-35
1034,0,0,285,-217,-15,-185,-196,-182,-172,-83,-92,6
1035,6,6,68,-395,-183,-167,35,36,357,-255,-155,-131
1036,2,2,-131,34,518,111,-593,-489,-423,75,120,-263
1037,1,1,-87,275,-38,-237,-38,-163,-165,-63,0,-183
1038,1,1,-80,251,-69,-228,17,-123,-137,-86,0,-128
1039,7,3,-232,81,16,93,-21,-51,-174,0,11,-104
1040,1,1,-74,245,-78,-240,12,-90,-88,-97,-19,-172
1041,5,5,-313,-315,-319,40,-284,532,-38,-366,59,86
1042,3,3,-443,-122,-298,610,-334,124,-478,-71,-29,20
1043,4,4,-427,-71,-239,-227,464,-7,-277,14,-115,67
1044,6,6,49,-140,-114,-335,23,-58,254,-396,98,-177
1045,9,9,-413,42,-222,-85,184,-109,-550,-19,6,307
1046,5,5,-345,-192,-344,120,-200,428,-148,-290,24,172
1047,0,0,290,-193,51,-177,-77,-88,-57,-195,-184,-95
1048,9,9,-132,-390,-73,42,18,5,-289,-50,-36,338
1049,2,2,-15,-68,486,21,-151,-243,-205,-34,-210,-436
1050,2,2,17,-175,248,47,-23,-176,-174,-58,-88,-128
1051,4,4,-272,-293,-99,-116,355,-162,-283,38,-101,207
1052,8,8,-185,-519,-209,236,-241,70,-207,-193,499,142
1053,2,2,-80,12,559,3,-214,-254,-333,-63,-156,-379
1054,1,1,-90,250,-120,-258,16,-116,-123,-79,-6,-151
1055,7,7,-112,-119,-159,-104,-23,-155,-347,275,-57,114
1056,2,2,-100,-64,445,137,-471,-385,-382,78,108,-202
1057,4,4,-147,-120,-157,-273,428,-181,-173,-167,-103,36
1058,9,9,-228,-349,-133,57,57,-139,-430,21,100,388
1059,4,4,-158,-204,-111,-245,425,-169,-244,-56,-177,87
1060,4,4,-256,-289,-64,-129,463,-152,-196,-20,-208,-36
1061,0,0,327,-253,-124,-231,-352,73,105,-172,-75,-203
1062,3,3,-470,-150,-57,278,-122,-120,-661,202,41,169
1063,9,9,-151,-378,-172,23,115,-100,-395,17,-6,367
1064,2,2,-237,107,451,211,-389,-367,-425,100,-57,-342
1065,2,2,-180,72,577,122,-570,-499,-428,-21,187,-350
1066,3,3,-360,-74,-107,471,-357,-186,-531,56,59,70
1067,3,3,-470,-182,-311,616,-301,79,-448,-139,172,80
1068,8,8,-136,-31,-198,-86,90,-83,-156,-117,194,-18
1069,3,3,-426,-190,-329,583,-165,69,-487,-136,56,129
1070,5,5,-321,-303,-324,121,-296,533,-122,-291,41,81
1071,7,7,-170,-206,-141,28,-62,-114,-481,314,-77,189
1072,3,3,-385,-182,-357,411,-196,172,-461,-15,26,181
1073,5,5,-483,-282,-475,364,-301,562,-364,-224,93,117
1074,8,8,-322,-278,113,257,-362,-136,-367,-44,464,-5
1075,1,1,-98,237,-101,-205,39,-105,-120,-47,-29,-104
1076,2,2,-151,-22,478,208,-603,-387,-521,118,48,-231
1077,4,4,-387,-43,-161,-246,479,-62,-324,-28,-94,99
1078,4,4,-57,-99,-1,-239,381,-169,-130,-71,-226,-146
1079,6,6,71,-302,-237,-151,32,-3,369,-394,-15,-211
1080,4,4,-306,-81,-125,-112,340,-12,-218,-13,-99,32
1081,9,9,-379,-174,-115,59,31,18,-391,2,75,265
1082,5,5,-217,-159,-344,99,-279,341,-48,-357,81,29
1083,1,1,-175,253,-85,-155,48,-140,-192,-55,11,-79
1084,0,0,420,-228,-74,-216,-345,3,-2,-166,-188,-152
1085,6,6,37,-176,-145,-171,-42,43,339,-341,-2,-237
1086,9,9,-333,-461,-49,35,112,19,-410,-65,61,375
1087,5,5,-289,-188,-277,97,-414,454,-231,-228,198,39
1088,9,9,-238,-359,-211,40,117,-87,-420,62,18,403
1089,5,5,-214,-296,-344,86,-187,431,-72,-219,-94,91
1090,9,9,-57,-266,-71,-24,66,-122,-283,26,10,210
1091,7,7,-394,-6,184,174,-133,-279,-524,428,-98,-188
1092,3,3,-500,-135,-153,494,-52,27,-371,-19,-29,-20
1093,8,8,-105,-302,195,161,-436,-269,-170,-185,462,-91
1094,0,0,382,-272,-16,-235,-353,-62,-7,-128,-85,-150
1095,3,3,-489,1,-170,492,-218,86,-514,-16,-167,26
1096,7,7,-143,-243,-318,-182,-75,-8,-497,460,-184,132
1097,1,1,-43,229,-119,-241,8,-93,-46,-115,-31,-190
1098,3,3,-374,-117,-292,422,-108,126,-368,-82,-44,109
1099,6,6,-22,-250,-105,-120,14,45,338,-375,12,-333
1100,7,7,-203,-192,-167,70,-119,-167,-548,382,29,146
1101,8,8,-226,-273,13,214,-240,-79,-126,-171,361,-48
1102,5,5,-277,-506,-330,19,-293,564,-7,-322,39,142
1103,9,9,-384,-368,-152,118,9,59,-406,-46,78,353
1104,7,7,-216,-104,-30,150,-273,-200,-614,318,-60,96
1105,9,9,-239,-444,-160,39,150,-115,-474,74,-35,424
1106,6,6,59,-421,-268,-196,-96,47,551,-372,7,-338
1107,9,9,-124,-431,-259,210,-8,10,-268,-248,76,331
1108,6,6,-6,-321,-209,-165,-107,165,379,-398,9,-174
1109,3,3,-476,28,-96,542,-178,-36,-465,-20,-3,-143
1110,7,7,-132,-158,-17,64,-231,-161,-526,385,-156,69
1111,4,4,-295,-140,-153,-192,490,-178,-321,-29,-125,72
1112,4,4,85,-254,-30,-169,190,-152,155,-237,-265,-286
1113,5,5,-316,-410,-340,6,-257,555,-39,-339,63,153
1114,3,3,-227,-200,144,349,-478,-222,-440,-50,322,-60
1115,5,5,-348,-321,-326,102,-221,460,-226,-213,13,236
1116,4,4,-305,-153,-74,-147,384,-75,-235,-9,-72,36
1117,7,7,-219,-64,39,150,-310,-310,-662,313,31,59
1118,8,8,-311,-250,231,206,-370,-213,-332,-85,525,-77
1119,7,7,-205,-72,206,-24,-197,-255,-518,299,128,-173
1120,8,8,-65,-152,-62,-38,-208,-86,-102,-174,360,-4
1121,0,0,389,-289,1,-194,-195,-116,93,-329,-130,-163
1122,7,7,-142,-100,17,41,-191,-72,-386,236,-104,55
1123,6,6,88,-408,-280,-203,-93,98,501,-430,13,-270
1124,8,8,-43,-166,-11,-39,-226,43,-146,-43,190,51
1125,8,8,-409,-220,-138,105,62,-97,-427,-35,337,239
1126,7,7,-40,-199,-60,5,-150,-227,-454,350,-31,96
1127,3,3,-440,-241,-146,557,-383,-99,-635,13,228,167
1128,3,3,-207,-235,18,352,-333,-20,-539,93,-31,66
1129,1,1,-117,295,-104,-191,-64,-182,-209,-71,-3,-219
1130,9,9,-209,-424,-77,21,160,-75,-440,-21,-50,417
1131,5,5,-263,-403,-303,-107,-147,499,115,-277,132,4
1132,2,2,-5,-2,596,-33,-334,-415,-309,11,-59,-395
1133,7,7,-144,-56,37,93,-214,-318,-575,314,-36,70
1134,3,3,-644,-135,-342,768,-282,92,-646,-92,27,101
1135,5,5,-177,-149,-402,-20,-315,428,-109,-184,82,28
1136,1,1,-49,262,-174,-250,-53,-146,-128,-93,0,-178
1137,1,1,-126,233,-92,-193,37,-86,-108,-73,-15,-128
1138,2,2,-54,144,217,-53,-53,-177,-189,-17,-153,-235
1139,1,1,-77,273,-113,-227,-11,-193,-196,-91,-38,-184
1140,4,4,-376,-122,-117,-240,506,-66,-286,-39,-133,63
1141,7,7,-267,-67,39,128,-292,-303,-740,432,-99,73
1142,4,4,-101,-22,-132,-397,423,-186,-163,-153,-154,-21
1143,7,7,-302,-58,188,197,-282,-388,-610,464,18,-161
1144,5,5,-321,-280,-388,136,-237,516,-131,-245,-63,134
1145,4,4,-334,-181,-86,-18,415,-121,-363,101,-227,-2
1146,5,5,-304,-177,-275,53,-163,406,-119,-232,-21,147
1147,4,4,-262,-129,-176,-216,368,-87,-234,155,-161,13
1148,0,0,424,-359,-38,-146,-228,-135,-5,-271,-101,-43
1149,8,8,-210,-282,60,137,-261,-212,-318,-55,505,64
1150,3,3,-365,-159,-247,466,-132,113,-451,-102,-63,121
1151,6,6,-103,-180,-159,-79,-48,80,285,-378,98,-260
1152,9,9,-299,-374,-281,49,82,57,-470,67,-65,428
1153,6,6,104,-339,-62,-244,-255,76,336,-455,194,-205
1154,0,0,294,-186,-56,-181,-284,-104,-161,69,-134,-76
1155,2,2,-13,52,387,-80,-185,-279,-237,53,-76,-257
1156,7,7,-201,-83,-27,101,-145,-108,-320,186,138,-45
1157,4,4,-161,-203,-33,-186,372,-184,-145,-14,-118,-112
1158,4,4,-126,-282,-136,-246,432,-109,-71,-11,-226,-109
1159,4,4,-37,-134,-73,-263,303,-207,-80,-123,-52,-143
1160,4,4,-187,-137,-15,-204,390,-49,-129,-176,-168,2
1161,6,6,15,-402,-309,-68,-39,120,402,-466,-17,-159
1162,6,6,50,-520,-270,-172,-57,57,545,-330,-36,-276
1163,4,4,-274,23,-251,-312,492,-152,-231,90,-111,-266
1164,7,7,-167,-186,-212,-139,-64,-121,-471,538,-149,18
1165,9,9,-310,-270,-145,17,120,-61,-493,26,58,393
1166,3,3,-104,7,-93,214,-279,-7,-271,-163,52,-61
1167,4,4,-352,-26,-178,-278,525,-163,-344,36,-125,-18
1168,5,5,-254,-185,-263,46,-233,424,-170,-164,77,44
1169,5,5,-41,-211,-428,-9,-307,376,-110,-117,96,-9
1170,8,8,-223,-375,-84,79,-194,33,-131,-69,566,-49
1171,7,7,-301,-62,-109,59,-79,-209,-587,407,-86,108
1172,3,3,-676,-68,-266,675,-142,101,-489,-62,11,-43
1173,7,7,-67,-130,-172,-75,-129,-189,-379,222,112,114
1174,2,2,-79,69,631,23,-481,-540,-300,-56,91,-487
1175,7,7,-185,-84,-121,9,-92,-197,-510,379,-47,84
1176,0,0,321,-136,-106,-214,-266,-93,-121,-55,-108,-167
1177,2,2,-110,53,506,85,-557,-449,-433,88,49,-255
1178,4,4,137,-321,-36,-118,163,-247,-65,-164,-62,-41
1179,1,1,-132,242,-104,-216,43,-104,-143,-117,23,-101
1180,1,1,-225,325,-177,-173,52,-144,-237,-112,22,-127
1181,6,6,-113,44,-145,-146,-30,-26,190,-243,23,-400
1182,6,5,-141,-307,-150,-75,-279,233,229,-375,193,-76
1183,9,9,-164,-517,-176,89,10,-132,-410,-30,153,447
1184,2,2,-127,145,382,-43,-176,-333,-259,28,22,-384
1185,8,8,-119,-426,-4,118,-242,-58,-106,-198,431,75
1186,7,7,-293,-159,-223,-91,14,-49,-463,487,-171,73
1187,2,2,-134,40,403,102,-344,-328,-292,-107,104,-263
1188,0,0,370,-241,-46,-217,-335,-120,1,-150,-64,-139
1189,1,1,-60,258,-68,-248,-2,-121,-106,-82,-11,-161
1190,5,5,-327,-173,-284,106,-299,445,-112,-351,27,99
1191,0,0,209,-352,-8,-108,-32,-58,-22,-24,-181,-81
1192,9,9,-284,-125,-96,-148,101,1,-289,80,-26,214
1193,1,1,-125,300,-129,-260,42,-118,-155,-45,-99,-161
1194,7,7,-246,-207,-1,161,-59,-258,-604,289,10,153
1195,0,0,360,-211,-69,-208,-311,-117,-74,-111,-75,-121
1196,6,6,-37,-202,-186,-183,-11,32,416,-463,76,-412
1197,0,0,360,-242,-37,-189,-274,-115,15,-156,-116,-158
1198,8,8,-452,-143,-2,-26,54,59,-139,-94,263,-74
1199,6,6,64,-430,-298,-173,-6,139,414,-412,-57,-165
1200,8,8,-47,-105,-129,-27,-154,0,-59,-205,210,-65
1201,1,1,-128,249,-111,-236,26,-174,-237,-51,-13,-67
1202,8,8,-140,-348,138,-71,-298,78,75,-295,374,-122
1203,0,0,463,-381,-18,-164,-303,-102,11,-276,-107,-99
1204,3,3,-394,-116,143,496,-494,-184,-627,121,127,-56
1205,3,3,-574,-139,-276,680,-277,81,-581,-57,-16,125
1206,7,7,-159,-129,117,138,-294,-375,-597,235,124,73
1207,2,2,-112,15,466,-11,-193,-221,-234,-83,-78,-309
1208,3,3,-286,-189,-190,439,-228,-50,-326,-64,174,65
1209,6,6,-158,-155,-116,20,-175,118,243,-308,112,-385
1210,2,2,-110,184,513,17,-222,-380,-411,95,-230,-424
1211,1,1,-157,368,-148,-326,82,-253,-253,-9,-81,-219
1212,6,6,106,-295,-179,-137,-160,41,306,-320,109,-180
1213,1,1,-165,316,-143,-236,65,-185,-258,-30,-70,-98
1214,1,1,-46,235,-163,-233,-14,-180,-155,-107,-20,-152
1215,3,3,-477,-44,-53,527,-275,-55,-459,8,50,-57
1216,7,7,-46,-107,-46,-12,-111,-108,-290,194,-23,78
1217,9,9,-332,-100,-251,16,31,-70,-515,52,18,347
1218,0,0,374,-274,-83,-124,-302,-47,79,-252,-127,-92
1219,8,8,-41,-312,112,77,-394,-109,-65,-189,379,-84
1220,0,0,337,-260,-42,-129,-293,-51,-44,-59,-115,-40
1221,5,5,-462,-421,-345,181,-161,499,-177,-320,121,223
1222,4,4,-289,-93,-141,-192,494,-130,-255,17,-166,-101
1223,0,0,351,-301,5,-153,-236,-59,0,-262,-162,14
1224,2,2,-30,4,224,-158,103,-128,-25,-131,-119,-362
1225,8,8,-227,-306,-61,120,-298,-14,-145,-197,514,9
1226,7,2,-247,134,195,166,-148,-183,-272,148,-153,-336
1227,2,2,-201,184,370,126,-255,-326,-432,124,-122,-307
1228,9,9,-325,-453,-283,329,-137,75,-447,-168,121,432
1229,8,8,-243,-205,84,240,-399,-139,-267,-75,383,-14
1230,4,4,-468,-208,-76,-80,468,-2,-353,-18,-150,82
1231,0,0,389,-259,27,-146,-306,-98,-109,-164,-153,-79
1232,9,4,-40,-86,-112,-208,111,-128,-118,-164,-9,90
1233,5,5,-381,-240,-340,43,-73,449,47,-456,-39,66
1234,8,8,-112,-300,124,-75,-164,-13,40,-337,419,-175
1235,5,5,-320,-281,-287,73,-193,392,-3,-379,89,112
1236,1,1,-242,230,-117,-116,60,-128,-259,1,-46,-17
1237,2,2,-49,95,501,-144,-360,-391,-190,-105,133,-392
1238,1,1,-161,306,-136,-214,51,-153,-201,-52,-49,-124
1239,3,3,-393,-130,-459,522,-304,275,-303,-191,41,31
1240,1,1,-82,223,-230,-254,-16,-114,-110,-115,-15,-196
1241,7,7,-175,-72,-18,-86,-48,-169,-436,283,45,6
1242,4,4,-145,-97,-125,-84,175,-81,-162,-40,-71,110
1243,5,5,-398,-294,-261,72,-31,408,22,-361,13,17
1244,7,7,-229,-51,14,88,-227,-251,-613,344,-52,76
1245,2,2,-65,-57,577,1,-278,-298,-245,-58,-40,-387
1246,0,0,282,-228,-146,-71,-338,35,-36,-97,-34,-123
1247,9,3,-12,-71,14,88,-201,22,-386,-90,-134,40
1248,8,8,-97,-201,11,46,-228,27,34,-260,261,-115
1249,8,8,-147,-343,-42,92,-256,-35,-161,-172,513,29
1250,6,6,-19,-167,-206,-169,-26,44,327,-332,14,-261
1251,2,2,-32,157,335,-49,-30,-287,-212,-79,-195,-411
1252,5,5,-282,-180,-248,74,-144,363,-47,-182,23,8
1253,4,4,-65,-300,-151,-360,404,-116,6,-78,-250,-70
1254,1,1,-116,259,-104,-193,-1,-135,-167,-59,1,-115
1255,9,9,-347,-245,-209,17,122,-58,-447,-13,60,419
1256,2,2,-45,22,292,20,-401,-219,-464,54,-74,-56
1257,1,1,-122,303,-134,-302,76,-132,-126,-54,-57,-198
1258,5,5,-224,-217,-270,-47,-311,372,-98,-342,159,157
1259,8,8,-206,-264,19,-18,-256,147,-162,-129,348,11
1260,7,7,-159,88,10,-19,-167,-159,-329,135,25,1
1261,0,0,440,-377,-17,-197,-380,-81,43,-208,-69,-118
1262,2,2,-84,66,421,-17,-225,-249,-237,24,-90,-299
1263,4,4,-189,-202,-134,-229,403,-22,-112,-70,-230,14
1264,4,4,-393,-163,-218,-182,380,-33,-185,-176,-28,206
1265,3,3,-552,5,29,472,-223,-44,-527,62,-3,-73
1266,6,6,-2,-226,-277,-258,115,64,321,-235,-151,-177
1267,8,8,-244,-353,53,106,-123,-170,-334,-84,456,161
1268,8,8,-126,-358,-16,157,-384,-81,-221,-142,497,76
1269,2,2,-17,-180,270,-16,-48,-145,-74,-128,-10,-192
1270,4,4,-316,-158,-140,-111,355,-190,-399,129,-105,188
1271,0,0,388,-276,-33,-190,-230,-54,54,-243,-196,-21
1272,5,5,-318,-428,-212,43,-52,371,-94,-146,144,71
1273,0,0,343,-422,-172,-120,-306,41,74,-177,-39,-90
1274,4,4,-18,-19,-121,-244,184,-39,44,-151,-77,-83
1275,4,4,-348,-101,-22,-108,383,-80,-257,-5,-123,-5
1276,7,7,-394,-71,64,159,-59,-257,-588,522,-229,-76
1277,9,9,-194,-418,-164,40,-11,46,-289,-18,19,332
1278,3,3,-588,-55,-312,720,-318,57,-508,-63,40,-16
1279,4,4,-83,-274,-151,-59,158,-198,-161,9,52,110
1280,1,1,-110,297,-92,-246,31,-147,-158,-30,-60,-176
1281,5,5,46,-311,-265,-183,-317,334,-29,0,-51,-21
1282,9,9,-227,-339,24,41,33,-208,-431,-14,164,337
1283,7,7,-348,18,118,123,-104,-168,-408,339,-66,-172
1284,3,3,-522,-141,-334,637,-240,101,-449,-92,52,95
1285,5,5,-320,-209,-432,110,-198,473,-121,-210,20,71
1286,8,8,-230,-269,-81,4,-171,-35,-61,-278,450,44
1287,8,8,-182,-332,-35,130,-175,-77,-142,-224,447,24
1288,0,0,313,-193,-32,-242,-117,-211,-56,-159,-112,-134
1289,5,5,-229,-347,-295,66,-141,309,-95,-101,110,134
1290,3,3,-334,-51,-314,291,-150,227,-224,-199,-52,68
1291,3,3,-409,-68,-197,486,-149,80,-276,-48,34,-204
1292,6,6,76,-362,-155,-157,-254,98,371,-321,128,-190
1293,6,6,-40,-328,-21,-187,-78,84,412,-336,76,-404
1294,0,0,426,-342,-20,-169,-347,-107,-41,-170,-92,-59
1295,1,1,-118,335,-135,-284,73,-178,-189,-20,-90,-189
1296,6,6,-168,-155,-74,-225,8,85,297,-399,153,-308
1297,0,0,431,-323,-42,-165,-414,-23,-57,-138,-118,-88
1298,3,3,-418,-26,-22,445,-198,-59,-389,66,31,-128
1299,5,7,-61,-24,-101,1,-346,126,-471,224,-320,12
1300,4,4,-116,-203,-113,-160,328,-82,-95,35,-252,-100
1301,4,4,-360,-159,-138,-212,410,-28,-173,-230,-66,166
1302,1,1,-288,289,-142,-132,45,-160,-367,13,-26,-12
1303,2,2,-18,-106,584,-14,-391,-322,-359,-2,40,-321
1304,9,9,-340,-390,-128,109,98,-103,-500,-36,99,465
1305,1,1,-83,367,-98,-427,60,-215,-127,-90,-77,-294
1306,4,4,-334,-109,-132,-324,496,-19,-194,-105,-118,18
1307,6,6,90,-288,-240,-205,-36,96,394,-358,-99,-189
1308,9,9,-158,-366,-87,-6,108,-72,-441,65,-190,381
1309,9,9,-171,-381,-113,37,64,-98,-375,11,25,381
1310,3,3,-282,-123,-216,362,-265,64,-506,71,-69,141
1311,9,9,-251,-319,-180,28,134,-64,-335,-4,38,357
1312,8,8,32,-494,14,99,-229,-181,-13,-256,387,33
1313,4,4,-362,-89,-188,-190,499,-72,-272,20,-95,-21
1314,4,4,-137,-61,-126,-352,504,-18,-78,-128,-284,-300
1315,3,3,-502,-139,-259,493,-80,165,-221,-181,-7,-68
1316,1,1,-93,322,-101,-287,29,-184,-183,-57,-57,-181
1317,3,3,-433,-198,-211,560,-295,-19,-395,-91,166,94
1318,1,1,-113,308,-126,-238,-16,-254,-321,16,-35,-124
1319,8,8,113,-395,-7,156,-417,12,-121,-149,161,-62
1320,8,8,-67,-175,-12,34,-198,-121,-106,-145,337,-15
1321,7,7,-216,-65,10,98,-155,-283,-598,390,-131,79
1322,9,9,-275,-419,-132,20,84,-33,-457,51,47,366
1323,4,4,-298,-38,-176,-328,534,-62,-214,-39,-225,-117
1324,8,8,-109,-216,-45,-38,-117,-181,-274,-79,364,142
1325,8,8,-118,-318,171,66,-90,-211,-81,-306,358,-101
1326,7,7,-167,-14,65,18,-160,-251,-438,178,76,39
1327,9,9,-323,-285,-106,114,127,-50,-405,0,-29,344
1328,7,7,-62,-218,-85,23,-120,-129,-387,259,44,95
1329,1,1,-68,285,-59,-283,0,-136,-114,-115,-8,-201
1330,4,4,-499,86,-254,-245,544,-168,-453,18,-105,13
1331,5,5,-398,-280,-282,243,-223,353,-175,-329,164,110
1332,6,6,106,-450,-263,-197,-104,14,532,-408,91,-279
1333,0,0,501,-337,-83,-207,-365,-47,-5,-200,-188,-93
1334,5,5,-292,-320,-262,19,-163,411,-85,-252,56,161
1335,2,2,-193,273,470,18,-268,-417,-334,34,-71,-481
1336,2,2,-147,209,486,5,-275,-497,-382,138,-86,-403
1337,2,2,88,92,258,-249,-60,-221,46,-305,-130,-522
1338,1,1,-228,271,-116,-130,26,-200,-323,34,-5,-22
1339,5,5,-377,-232,-411,163,-174,464,-150,-225,-49,156
1340,5,5,-190,-287,-239,-151,-266,437,109,-376,109,53
1341,2,2,-132,118,521,9,-246,-349,-438,43,-159,-295
1342,4,4,-335,-155,-150,-271,524,-38,-254,-46,-177,84
1343,9,9,-327,-254,-140,-36,195,-109,-455,17,75,389
1344,6,6,40,-133,-195,-230,-118,66,298,-381,29,-261
1345,2,2,-249,89,415,39,-175,-195,-302,164,-73,-423
1346,7,7,-242,-120,-167,30,-65,-111,-476,353,-45,129
1347,7,7,-176,-87,-131,-124,47,-173,-474,353,-134,109
1348,2,2,90,-189,308,-71,5,-151,-120,-329,-196,-214
1349,2,2,-186,27,282,144,-305,-278,-323,104,63,-218
1350,1,1,-146,303,-129,-225,41,-140,-190,-55,-38,-140
1351,1,1,-86,285,-153,-226,-7,-195,-148,-121,-25,-230
1352,2,2,77,-224,535,-4,-396,-284,-421,9,-20,-228
1353,8,8,-250,-231,-21,207,-294,-122,-317,-117,427,110
1354,3,3,-402,-17,-81,530,-283,-150,-468,-10,83,-44
1355,7,7,-94,-97,-181,-111,-28,-32,-228,154,-17,82
1356,2,2,-16,-4,323,-37,-186,-296,-213,27,34,-190
1357,4,4,-48,-86,-68,-192,245,-50,-165,-14,-133,15
1358,1,1,-131,283,-73,-195,8,-181,-178,-33,-12,-160
1359,7,7,-177,-122,24,123,-296,-235,-627,347,-73,77
1360,1,1,-206,250,-111,-135,40,-143,-262,1,-29,-36
1361,7,7,-189,-54,-88,100,-262,-181,-545,325,-33,56
1362,6,6,-12,-333,-264,-155,-33,70,450,-235,-63,-342
1363,7,7,-149,-59,4,-27,47,-138,-263,308,-143,-133
1364,8,8,-75,-222,141,113,-94,-147,-184,-62,198,-23
1365,2,2,-224,267,388,95,-329,-245,-528,117,-198,-329
1366,7,7,-260,-90,-114,29,-59,-122,-460,390,-118,54
1367,3,3,-611,-73,-199,705,-303,-3,-663,-56,36,52
1368,1,1,-65,227,-68,-208,41,-121,-113,-69,-13,-126
1369,7,7,-209,-181,-31,146,-303,-134,-628,424,-175,72
1370,5,5,-264,-296,-294,-54,-247,474,-21,-324,97,129
1371,8,8,-241,-286,180,163,-463