sample_id,label,preprocess,inference_mode,prediction,correct,logit0,logit1,logit2,logit3,logit4,logit5,logit6,logit7,logit8,logit9
m1_0_01,0,full,float,0,1,10.5477876663208,-6.484650611877441,-0.17539766430854797,-5.933358192443848,-8.212868690490723,-2.1634387969970703,-2.287226676940918,-4.385949611663818,-3.5123326778411865,-2.342547655105591
m1_0_02,0,full,float,0,1,11.97079086303711,-13.21898078918457,0.8680484294891357,-3.4455316066741943,-8.466621398925781,-4.046385765075684,-5.345298767089844,-3.181166648864746,-3.9990601539611816,1.7556946277618408
m1_0_03,0,full,float,0,1,11.384298324584961,-10.914544105529785,-1.660430669784546,-5.099486351013184,-9.05677318572998,-1.3400037288665771,-2.0448734760284424,-1.4634402990341187,-3.5165581703186035,-1.2598230838775635
m1_0_04,0,full,float,0,1,12.417163848876953,-11.08800220489502,-1.3160829544067383,-4.786258697509766,-9.570435523986816,-1.0119051933288574,-1.505558729171753,-3.45326828956604,-3.8297152519226074,-2.197942018508911
m1_0_05,0,full,float,0,1,10.971487998962402,-11.463626861572266,-3.113081455230713,-3.68977689743042,-9.301426887512207,-1.4477461576461792,-2.060676336288452,-3.129622459411621,-1.6645517349243164,-0.27493178844451904
m1_1_01,1,full,float,1,1,-8.26358413696289,7.127006530761719,-0.8055848479270935,2.7741165161132812,-7.275679588317871,-6.065211296081543,-12.741010665893555,0.9674134254455566,1.4303386211395264,-1.094802737236023
m1_1_02,1,full,float,1,1,-2.7587738037109375,9.09992504119873,-2.4173805713653564,-9.113819122314453,0.7113513350486755,-4.974224090576172,-4.115514278411865,-3.7406866550445557,-0.12554076313972473,-5.859764099121094
m1_1_03,1,full,float,1,1,-0.8567953109741211,6.649357318878174,-2.407926559448242,-9.246152877807617,-1.0732020139694214,-3.6511054039001465,-0.9671600461006165,-6.098588943481445,0.8465582132339478,-6.881081581115723
m1_1_04,1,full,float,1,1,-1.0485843420028687,6.854116439819336,-1.4091178178787231,-8.319340705871582,-1.8948800563812256,-3.991426944732666,-1.2957210540771484,-5.240495204925537,0.46773001551628113,-7.500046730041504
m1_1_05,1,full,float,1,1,-6.625668525695801,4.837830066680908,-3.3150124549865723,-1.582299828529358,2.4283947944641113,-4.568789482116699,-6.4418253898620605,0.431807279586792,-1.4105943441390991,-1.1486573219299316
m1_2_01,2,full,float,2,1,-5.884936809539795,3.899247407913208,14.500327110290527,6.298023223876953,-14.44259262084961,-12.000480651855469,-16.651443481445312,0.8895092010498047,-2.210742712020874,-9.243249893188477
m1_2_02,2,full,float,2,1,-5.124452114105225,1.4855661392211914,11.503457069396973,6.33061408996582,-14.160704612731934,-7.27425479888916,-14.054618835449219,-0.6684441566467285,-1.2791423797607422,-6.404487133026123
m1_2_03,2,full,float,2,1,-4.242807388305664,1.4922585487365723,14.61876106262207,1.3127226829528809,-10.63131332397461,-10.860913276672363,-10.904438018798828,-3.0304770469665527,3.1849098205566406,-7.362027645111084
m1_2_04,2,full,float,2,1,-5.27354621887207,3.895763874053955,14.551980972290039,1.0524704456329346,-7.88053560256958,-11.244344711303711,-9.994297981262207,-0.1499018669128418,-2.980146646499634,-11.3779296875
m1_2_05,2,full,float,2,1,-6.298468589782715,8.683578491210938,10.865999221801758,-0.7438569664955139,-8.875856399536133,-6.504978179931641,-8.942120552062988,0.20592737197875977,-1.7926530838012695,-13.6965913772583
m1_3_01,3,full,float,3,1,-11.42372989654541,-4.4915361404418945,-8.9222993850708,14.955735206604004,-4.800834655761719,5.29876184463501,-6.615330696105957,-4.6413373947143555,-0.1764708012342453,-1.3884690999984741
m1_3_02,3,full,float,3,1,-11.282364845275879,-3.0929019451141357,-3.1471762657165527,13.445745468139648,-4.803802013397217,1.0870105028152466,-8.347576141357422,-2.7433173656463623,-0.3963886797428131,-4.150813102722168
m1_3_03,3,full,float,3,1,-12.693622589111328,-5.106081485748291,-2.47469425201416,15.016467094421387,-5.268948554992676,0.9776087999343872,-11.39533805847168,-0.6146166324615479,-1.1682683229446411,-0.9740249514579773
m1_3_04,3,full,float,3,1,-15.390753746032715,-0.9606747627258301,-7.8085150718688965,17.64111328125,-5.854261875152588,4.5008392333984375,-10.457535743713379,-3.773421287536621,-0.8674787878990173,-3.6912689208984375
m1_3_05,3,full,float,3,1,-12.222782135009766,-4.254920482635498,-4.366894721984863,14.437662124633789,-3.1415607929229736,1.6883492469787598,-7.887676239013672,-2.17002272605896,-0.9969882965087891,-1.495169758796692
m1_4_01,4,full,float,4,1,-15.680340766906738,-7.4270830154418945,-4.113080024719238,0.4669407606124878,5.733094215393066,-2.6213698387145996,-12.220762252807617,3.022545576095581,4.723236083984375,4.830960273742676
m1_4_02,4,full,float,4,1,-13.148248672485352,-7.085146903991699,-2.671278953552246,2.6556618213653564,6.809172630310059,-1.9648528099060059,-11.829675674438477,1.918250322341919,0.1770027130842209,5.371084690093994
m1_4_03,4,full,float,4,1,-8.831052780151367,-7.117079257965088,0.2118086814880371,4.194378852844238,5.294401168823242,-7.332976818084717,-13.818967819213867,4.337368488311768,0.9145725965499878,4.385291576385498
m1_4_04,4,full,float,9,0,-14.575997352600098,-5.756601810455322,-4.571349620819092,2.1509571075439453,2.6790173053741455,-1.397347331047058,-10.256328582763672,-0.022727131843566895,5.59047794342041,5.839098930358887
m1_4_05,4,full,float,9,0,-15.735588073730469,-2.466770648956299,-6.051663398742676,0.9161233901977539,6.706037998199463,-1.1865170001983643,-14.428702354431152,-0.5098705291748047,1.8331513404846191,8.033584594726562
m1_5_01,5,full,float,5,1,-6.0776567459106445,-10.828243255615234,-6.057690143585205,-6.252976417541504,-7.067706108093262,11.588144302368164,-7.509901523590088,-0.4452838897705078,4.591541767120361,3.3310625553131104
m1_5_02,5,full,float,5,1,-9.810977935791016,-10.761295318603516,-7.848501205444336,-1.7522385120391846,-7.034846305847168,16.234359741210938,1.9735877513885498,-13.910841941833496,2.7582390308380127,1.755658745765686
m1_5_03,5,full,float,5,1,-12.083992004394531,-14.598249435424805,-13.510326385498047,-0.4099538326263428,-7.274823188781738,19.17499542236328,-7.082538604736328,-9.675491333007812,1.685184121131897,10.374369621276855
m1_5_04,5,full,float,5,1,-8.178573608398438,-5.5936384201049805,-8.63448715209961,2.523745536804199,-7.95098352432251,14.032158851623535,-2.995100498199463,-5.4227190017700195,3.1976943016052246,-4.008872985839844
m1_5_05,5,full,float,5,1,-8.586803436279297,-8.721288681030273,-11.841293334960938,4.229883670806885,-8.391337394714355,14.4132661819458,0.7566359043121338,-13.688610076904297,1.2300039529800415,-0.23638680577278137
m1_6_01,6,full,float,6,1,0.733444094657898,-6.561777591705322,-1.3435025215148926,-5.355557441711426,-2.5125679969787598,0.226265549659729,9.448236465454102,-11.151012420654297,3.6734414100646973,-8.741584777832031
m1_6_02,6,full,float,6,1,-0.859871506690979,-11.323322296142578,1.7482450008392334,-3.573692798614502,-7.179231643676758,2.2351953983306885,9.014228820800781,-13.067394256591797,6.756593227386475,-5.790891170501709
m1_6_03,6,full,float,6,1,1.212873935699463,-9.743210792541504,0.028406620025634766,-6.495815277099609,-6.5239152908325195,1.4841711521148682,11.667411804199219,-14.805336952209473,5.677428245544434,-8.555106163024902
m1_6_04,6,full,float,6,1,0.6761854887008667,-9.036641120910645,0.39128541946411133,-5.825998783111572,-6.131588935852051,2.388073682785034,11.259442329406738,-14.847030639648438,4.507842540740967,-8.665571212768555
m1_6_05,6,full,float,6,1,-0.3256354331970215,-9.738837242126465,-1.9778846502304077,-5.925507545471191,-3.6494388580322266,4.422790050506592,10.315593719482422,-13.22653579711914,2.824605703353882,-6.631984233856201
m1_7_01,7,full,float,7,1,-7.613675117492676,-0.9603675603866577,-0.6779546737670898,5.3331098556518555,-4.39819860458374,-8.411672592163086,-17.199527740478516,9.119384765625,-1.8688310384750366,2.075295925140381
m1_7_02,7,full,float,7,1,-7.087011337280273,-6.494682312011719,-3.2876393795013428,3.937483310699463,-7.802528381347656,-5.510582447052002,-19.829402923583984,12.415021896362305,-0.454378604888916,4.2514777183532715
m1_7_03,7,full,float,7,1,-6.425969123840332,-4.57597541809082,0.48342156410217285,5.443556785583496,-5.41680383682251,-8.407989501953125,-18.822555541992188,9.018270492553711,-0.33712148666381836,3.6667861938476562
m1_7_04,7,full,float,7,1,-6.235300064086914,-3.0212934017181396,-0.6893954277038574,4.022238731384277,-12.608388900756836,-5.128869533538818,-14.920446395874023,6.875698089599609,5.444578170776367,0.6479184627532959
m1_7_05,7,full,float,7,1,-7.94270133972168,1.425870656967163,0.7770600914955139,4.249161720275879,-9.287918090820312,-8.46151065826416,-16.401817321777344,7.949740409851074,1.1974875926971436,-0.20444536209106445
m1_8_01,8,full,float,8,1,-10.23666000366211,-8.2139310836792,2.606442928314209,4.688693046569824,-3.0349183082580566,3.598057508468628,-2.9953107833862305,-3.1831116676330566,5.429749011993408,-8.745882034301758
m1_8_02,8,full,float,3,0,-7.90714168548584,-7.958408832550049,-4.556771278381348,6.368653297424316,-4.5396599769592285,6.009564399719238,-0.936438798904419,-9.06411361694336,6.3390936851501465,-3.1855032444000244
m1_8_03,8,full,float,8,1,-14.89085578918457,-4.371477127075195,4.701202869415283,5.889801979064941,-11.497282028198242,4.81845760345459,-1.319380521774292,-6.9892120361328125,10.606368064880371,-12.49410343170166
m1_8_04,8,full,float,8,1,-9.664223670959473,-8.562177658081055,3.149975299835205,4.82681941986084,-5.735342025756836,-0.46640366315841675,-3.4063608646392822,-5.032905578613281,11.496310234069824,-3.9943137168884277
m1_8_05,8,full,float,8,1,-4.912168979644775,-9.24997615814209,-5.967228889465332,2.2701847553253174,-7.185707092285156,6.679114818572998,-3.86993408203125,-1.6294845342636108,8.79864501953125,-2.2903800010681152
m1_9_01,9,full,float,9,1,-12.620542526245117,-10.034147262573242,-0.2631133794784546,3.666438102722168,6.591948509216309,-4.684180736541748,-14.171127319335938,-3.036264419555664,4.648834228515625,10.696372985839844
m1_9_02,9,full,float,9,1,-10.80988883972168,-7.59991455078125,-3.093357801437378,3.2876548767089844,4.001620769500732,-1.8730499744415283,-13.822444915771484,-0.41059720516204834,1.8415484428405762,10.057923316955566
m1_9_03,9,full,float,9,1,-12.701417922973633,-11.261568069458008,-4.294524192810059,1.310012936592102,8.510296821594238,-2.362250328063965,-16.169971466064453,-0.7197115421295166,0.6195791959762573,14.189053535461426
m1_9_04,9,full,float,9,1,-11.95766544342041,-11.376209259033203,-3.6068201065063477,3.173147678375244,6.9623918533325195,-2.8922066688537598,-13.71981143951416,-0.9659050703048706,3.086810827255249,11.588997840881348
m1_9_05,9,full,float,9,1,-13.946266174316406,-6.137639999389648,-4.304813861846924,1.789323091506958,8.634525299072266,-3.2421441078186035,-16.601224899291992,0.3066086769104004,1.7739813327789307,10.981136322021484
m6_0_01,0,full,float,0,1,12.328967094421387,-13.49325942993164,-3.4884281158447266,-4.703930854797363,-7.550227165222168,-2.230508327484131,-2.163651466369629,-3.775552988052368,-3.657127857208252,2.7605769634246826
m6_0_02,0,full,float,0,1,14.153761863708496,-13.06371021270752,-3.0022146701812744,-4.830470561981201,-9.192973136901855,-1.7013194561004639,-1.4771509170532227,-3.423290252685547,-6.276857852935791,0.7639811635017395
m6_0_03,0,full,float,0,1,12.529946327209473,-12.364435195922852,-2.8605098724365234,-4.975719928741455,-10.801592826843262,-1.7025527954101562,-5.157964706420898,0.1265857219696045,-4.1088056564331055,0.6930305361747742
m6_0_04,0,full,float,0,1,11.973405838012695,-11.694750785827637,-0.8399299383163452,-2.7690186500549316,-8.609174728393555,-3.9717001914978027,-5.338881969451904,-1.817580223083496,-3.9728195667266846,0.9433727264404297
m6_0_05,0,full,float,0,1,11.943707466125488,-14.754396438598633,-2.544461250305176,-3.386809825897217,-12.357446670532227,-1.4965996742248535,-4.488926410675049,-1.037961483001709,-0.32573527097702026,0.5289018750190735
m6_1_01,1,full,float,1,1,1.4971908330917358,3.9942779541015625,-1.454351782798767,-8.803398132324219,0.37467044591903687,-1.6270898580551147,1.6396610736846924,-6.384593963623047,-1.1064893007278442,-6.399260997772217
m6_1_02,1,full,float,7,0,-0.8728716969490051,-1.1517150402069092,-1.03911554813385,-0.03618115186691284,2.4356706142425537,-5.3529462814331055,-4.296255588531494,2.6405866146087646,-2.709329605102539,-1.7518900632858276
m6_1_03,1,full,float,1,1,-0.36406052112579346,7.306517601013184,-1.2415552139282227,-9.475457191467285,1.5387381315231323,-2.977355480194092,-0.9009852409362793,-4.706493854522705,-1.302722454071045,-7.09247350692749
m6_1_04,1,full,float,1,1,-3.006654739379883,7.225282669067383,-3.0729732513427734,-7.155092239379883,2.8271820545196533,-4.306763648986816,-3.990478992462158,-3.111762285232544,-0.213934987783432,-3.3013508319854736
m6_1_05,1,full,float,1,1,-3.5963969230651855,3.7485435009002686,-1.8204749822616577,-0.5368468165397644,0.18489915132522583,-3.489325761795044,-5.064029693603516,-0.3634096384048462,0.21334043145179749,-0.5390498042106628
m6_2_01,2,full,float,2,1,-2.770749568939209,2.393134593963623,17.50031280517578,-0.9633325338363647,-15.771272659301758,-11.349031448364258,-10.30174446105957,1.0051229000091553,2.0798614025115967,-11.01130485534668
m6_2_02,2,full,float,0,0,6.080586910247803,-9.449316024780273,6.027996063232422,-2.0501933097839355,-6.775130271911621,-5.162164211273193,0.5217690467834473,-3.4830493927001953,-0.2536807060241699,-9.770892143249512
m6_2_03,2,full,float,2,1,1.9093382358551025,-3.8423399925231934,12.471091270446777,1.3327350616455078,-14.867911338806152,-7.63286828994751,-1.8736660480499268,-5.2963409423828125,0.8663296699523926,-13.123724937438965
m6_2_04,2,full,float,2,1,-1.8030617237091064,2.9666247367858887,14.701181411743164,-1.3338513374328613,-12.234611511230469,-8.372588157653809,-5.385035514831543,-2.888821840286255,0.769017219543457,-14.844493865966797
m6_2_05,2,full,float,2,1,-0.8896023035049438,3.150862216949463,16.71403694152832,-2.3755035400390625,-14.359615325927734,-10.17990779876709,-6.12817907333374,-4.177618980407715,3.103259563446045,-15.502594947814941
m6_3_01,3,full,float,3,1,-16.053556442260742,-5.2063703536987305,-4.72703218460083,19.24629020690918,-6.4666900634765625,1.086971640586853,-12.881392478942871,-1.0281680822372437,-0.45452651381492615,-0.03332531452178955
m6_3_02,3,full,float,3,1,-12.245786666870117,-4.067355155944824,-3.2290148735046387,13.835061073303223,-4.596102237701416,-1.8775153160095215,-12.334050178527832,1.5141208171844482,-1.1390124559402466,1.100977897644043
m6_3_03,3,full,float,1,0,-6.764360427856445,1.8323566913604736,-3.126220703125,1.2872107028961182,1.1975457668304443,0.12359017133712769,-3.941758632659912,-2.2341041564941406,-0.21561013162136078,-1.767656922340393
m6_3_04,3,full,float,3,1,-3.9980905055999756,-1.7772382497787476,-0.3778473734855652,2.645470142364502,-3.768291473388672,1.1668906211853027,-2.122551441192627,-1.9599025249481201,2.589775323867798,-1.1329967975616455
m6_3_05,3,full,float,3,1,-11.51211166381836,-5.309413909912109,-2.1600799560546875,9.732824325561523,-2.0271151065826416,-0.6921265721321106,-11.063155174255371,1.620283603668213,-2.3030495643615723,2.399780750274658
m6_4_01,4,full,float,4,1,-9.285752296447754,-8.518980026245117,0.3156203031539917,-2.176985263824463,10.164535522460938,-1.9115631580352783,-7.236020565032959,-3.0073769092559814,0.20263858139514923,2.690601110458374
m6_4_02,4,full,float,4,1,-9.677447319030762,-9.767254829406738,-0.10102307796478271,-0.09113788604736328,9.198129653930664,-1.8953396081924438,-8.86086654663086,-2.191974401473999,0.4702165126800537,5.248313903808594
m6_4_03,4,full,float,9,0,-12.675485610961914,-6.316346168518066,-5.45146369934082,-0.18047797679901123,8.452990531921387,-0.8900490999221802,-12.327677726745605,-1.796714186668396,0.6095365881919861,10.024372100830078
m6_4_04,4,full,float,4,1,-1.505616307258606,-7.381617069244385,-1.822790265083313,-5.217629432678223,4.077264785766602,-2.3509175777435303,1.1496784687042236,-5.76718807220459,1.357741355895996,1.295520544052124
m6_4_05,4,full,float,9,0,-9.215499877929688,-8.267667770385742,-6.284830570220947,-0.5285444259643555,6.06959342956543,-2.8000073432922363,-12.615924835205078,-1.5700788497924805,2.849388360977173,12.45172119140625
m6_5_01,5,full,float,5,1,-10.349786758422852,-3.5732274055480957,-5.9271416664123535,3.3774876594543457,-8.827713966369629,10.674023628234863,-4.815578460693359,-6.250700950622559,4.039031505584717,0.3240692615509033
m6_5_02,5,full,float,5,1,-11.420926094055176,-3.583630323410034,-10.717049598693848,7.563623428344727,-11.743581771850586,12.964323043823242,-4.648687839508057,-10.447795867919922,4.457730293273926,-0.8187570571899414
m6_5_03,5,full,float,5,1,-11.84859848022461,-3.7126400470733643,-0.5297043323516846,2.364501714706421,-9.736322402954102,6.6905364990234375,-9.191522598266602,-2.926140785217285,5.355091571807861,1.1562001705169678
m6_5_04,5,full,float,5,1,-12.867923736572266,-1.4529898166656494,-8.39912223815918,8.926650047302246,-13.024396896362305,9.965707778930664,-9.996637344360352,-5.4989142417907715,3.6022350788116455,0.14361704885959625
m6_5_05,5,full,float,5,1,-7.992708206176758,-7.306366920471191,-5.290359973907471,1.3390944004058838,-5.322669982910156,8.638350486755371,-5.536716461181641,-2.1018619537353516,2.2274320125579834,3.258810043334961
m6_6_01,6,full,float,6,1,0.8429479598999023,-10.788923263549805,-2.8175082206726074,-6.6458821296691895,-4.199943542480469,1.9005067348480225,12.362302780151367,-12.316305160522461,5.39499568939209,-6.649820327758789
m6_6_02,6,full,float,6,1,-3.277204990386963,-0.5520370006561279,0.49576669931411743,1.002429723739624,-1.9552011489868164,0.5252138376235962,1.904115080833435,-2.0665841102600098,-0.5758123993873596,-4.978228569030762
m6_6_03,6,full,float,6,1,0.11696290969848633,-7.2622175216674805,-1.8718029260635376,-6.189641952514648,-4.667073726654053,3.2498655319213867,9.632235527038574,-12.546911239624023,4.549360752105713,-7.263619899749756
m6_6_04,6,full,float,6,1,1.9090321063995361,-1.0045664310455322,-1.020552635192871,-7.370144844055176,-3.514601230621338,-0.015664339065551758,6.532443523406982,-9.663354873657227,1.7548327445983887,-8.803343772888184
m6_6_05,6,full,float,6,1,-1.20903742313385,-10.7141752243042,-1.0358004570007324,-6.218298435211182,-3.415693998336792,3.6985883712768555,11.55195426940918,-14.179640769958496,5.3111114501953125,-9.596834182739258
m6_7_01,7,full,float,7,1,-7.6627349853515625,-2.592906951904297,1.4558029174804688,6.747475624084473,-5.478693008422852,-9.39272689819336,-20.05718421936035,9.293050765991211,-2.0595600605010986,2.2523891925811768
m6_7_02,7,full,float,7,1,-5.081785202026367,0.7317690849304199,3.384183406829834,3.60599422454834,-6.3609490394592285,-9.224987030029297,-11.428519248962402,5.439247131347656,2.1593782901763916,-1.2446891069412231
m6_7_03,7,full,float,7,1,-3.8124077320098877,-1.5711612701416016,2.8635447025299072,3.6414601802825928,-4.396490097045898,-8.511438369750977,-16.59979248046875,8.060128211975098,-4.1315107345581055,1.066618800163269
m6_7_04,7,full,float,7,1,-6.593414783477783,0.8462573289871216,0.9089815616607666,5.035181999206543,-7.028507232666016,-7.438961505889893,-12.461076736450195,5.2987380027771,2.3601653575897217,-0.6238583326339722
m6_7_05,7,full,float,7,1,-6.689308166503906,-0.38506269454956055,1.869858980178833,5.340541362762451,-3.988313674926758,-9.509817123413086,-15.359781265258789,7.805348873138428,-0.7021325826644897,0.5808005332946777
m6_8_01,8,full,float,8,1,-4.143248558044434,-9.690692901611328,1.343982458114624,1.05787992477417,-6.21903133392334,-3.421663284301758,-7.502256870269775,-2.222733974456787,12.803351402282715,1.340762972831726
m6_8_02,8,full,float,8,1,-4.97619104385376,-7.445897579193115,3.537466049194336,-1.5768300294876099,-5.120536804199219,-1.8517130613327026,-0.7053889036178589,-4.952895164489746,13.442022323608398,-3.9361300468444824
m6_8_03,8,full,float,8,1,-8.184846878051758,-11.23419189453125,1.8393323421478271,3.6342740058898926,-13.322443008422852,1.6988394260406494,-2.2817373275756836,-7.938582420349121,16.847057342529297,-2.7413783073425293
m6_8_04,8,full,float,8,1,-3.519015312194824,-9.249332427978516,6.157799243927002,1.8688061237335205,-7.528868675231934,-4.528197288513184,-7.585100173950195,-4.772353172302246,12.948898315429688,-0.8671717047691345
m6_8_05,8,full,float,8,1,-5.89565372467041,-4.547325611114502,0.12050914764404297,1.8401134014129639,-5.273523330688477,0.25007396936416626,2.401067018508911,-5.477513313293457,7.600461483001709,-4.929632663726807
m6_9_01,9,full,float,9,1,-8.663894653320312,-2.2602546215057373,-2.5658042430877686,3.200038433074951,-1.9046664237976074,-2.425705909729004,-13.878641128540039,3.7761518955230713,0.1643066108226776,5.717601299285889
m6_9_02,9,full,float,9,1,-13.28255844116211,-5.697193145751953,-6.777813911437988,-1.2268650531768799,3.614717721939087,0.17254161834716797,-13.007999420166016,-1.9062747955322266,3.3429477214813232,12.115076065063477
m6_9_03,9,full,float,9,1,-8.318014144897461,-2.625843048095703,-2.9572489261627197,2.22705340385437,-0.22855103015899658,-3.749528646469116,-13.82038688659668,2.575791597366333,2.273085117340088,7.00416374206543
m6_9_04,9,full,float,9,1,-12.417197227478027,-5.011425018310547,-4.319840431213379,-1.2767597436904907,5.312872886657715,-2.1585028171539307,-12.65261459350586,-0.2729616165161133,2.8787646293640137,10.088651657104492
m6_9_05,9,full,float,9,1,-10.09655475616455,-7.195023059844971,-4.0268073081970215,2.9608659744262695,2.427952289581299,-3.488255023956299,-15.079791069030762,2.3891959190368652,0.7796059846878052,10.585248947143555
m8_0_01,0,full,float,0,1,6.702272891998291,-7.532210350036621,-0.27921414375305176,-2.4717650413513184,-5.274303436279297,-2.247291088104248,-4.047130584716797,-2.746060848236084,-2.111030101776123,1.608093023300171
m8_1_01,1,full,float,1,1,-2.0879204273223877,5.100617408752441,-2.735685348510742,-5.859979629516602,0.9289742112159729,-2.6621785163879395,-2.437870740890503,-1.4309874773025513,-0.17458952963352203,-2.955197334289551
m8_2_01,2,full,float,2,1,-2.9176440238952637,3.085535764694214,10.123710632324219,-0.1798955202102661,-10.594671249389648,-7.393496036529541,-10.320935249328613,0.06592917442321777,0.27344757318496704,-4.411358833312988
m8_3_01,3,full,float,3,1,-12.237728118896484,-3.81656813621521,-5.701317310333252,12.683918952941895,-4.374236106872559,2.5182816982269287,-9.715396881103516,-3.716364860534668,2.2837517261505127,2.5465598106384277
m8_4_01,4,full,float,4,1,-5.701299667358398,-4.259964466094971,-5.238068103790283,-3.196521520614624,3.169393539428711,0.5916908979415894,-4.103748798370361,2.2745518684387207,2.439032793045044,1.5142974853515625
m8_5_01,5,full,float,5,1,-11.937089920043945,-8.153667449951172,-9.691826820373535,5.812314510345459,-4.525884628295898,13.02584171295166,-6.950042247772217,-6.94998836517334,2.3034658432006836,4.524855613708496
m8_6_01,6,full,float,6,1,-4.243563652038574,-6.583973407745361,-4.157539367675781,-1.1743748188018799,-2.368147373199463,4.4434709548950195,6.667387962341309,-10.038724899291992,4.492863655090332,-7.180964946746826
m8_7_01,7,full,float,7,1,-4.827723026275635,-0.6742390394210815,0.9684580564498901,2.9168105125427246,-3.4242100715637207,-2.568902015686035,-9.84621810913086,4.686013698577881,-2.366321086883545,0.46725717186927795
m8_8_01,8,full,float,8,1,-4.335239410400391,-8.103919982910156,0.7217259407043457,2.6500937938690186,-6.395872116088867,-3.0228850841522217,-4.4320068359375,-4.648199081420898,12.687498092651367,0.3491695523262024
m8_9_01,9,full,float,9,1,-8.767332077026367,-4.9084978103637695,-3.335261106491089,-0.4255298972129822,6.612136363983154,-3.7798540592193604,-10.279995918273926,-1.2868342399597168,3.156644821166992,8.047520637512207
m8_0_02,0,full,float,0,1,6.494802474975586,-5.748142242431641,0.5495436191558838,-3.4200501441955566,-5.398675441741943,-3.6024723052978516,-2.853726387023926,-2.2862894535064697,-0.8398081660270691,-2.5905022621154785
m8_0_03,0,full,float,0,1,6.979590892791748,-6.184490203857422,-2.076098918914795,-5.087337970733643,-5.628434181213379,-1.631744146347046,0.931104302406311,-3.881783962249756,-0.8965884447097778,-2.2890970706939697
m8_0_04,0,full,float,0,1,7.204919338226318,-6.268221378326416,0.3300642967224121,-2.668300151824951,-5.805939674377441,-2.8806118965148926,-2.976651191711426,-3.2050747871398926,-1.6405233144760132,-1.4781825542449951
m8_0_05,0,full,float,0,1,9.036301612854004,-10.111157417297363,-2.3488757610321045,-3.7192959785461426,-7.091732501983643,-2.643587112426758,-1.0755369663238525,-3.9336512088775635,-0.16477638483047485,0.2555580139160156
m8_1_02,1,full,float,1,1,-1.8648366928100586,6.8112616539001465,-3.5964279174804688,-8.3892822265625,1.3497390747070312,-3.052671432495117,-1.8935151100158691,-3.3777079582214355,-0.3258533477783203,-5.10568904876709
m8_1_03,1,full,float,1,1,-4.778955936431885,7.196963787078857,4.11731481552124,-0.3436160087585449,-9.934595108032227,-4.676275253295898,-6.38717794418335,-2.26850962638855,2.44659161567688,-6.902243137359619
m8_1_04,1,full,float,7,0,-3.9569895267486572,1.1218966245651245,-1.120226263999939,1.9914932250976562,1.7769386768341064,-2.8039915561676025,-3.9499921798706055,2.1504814624786377,-2.358088731765747,-4.031820297241211
m8_1_05,1,full,float,1,1,-2.512338161468506,7.679891586303711,-2.879209518432617,-8.373025894165039,2.624033212661743,-4.133260250091553,-3.2535293102264404,-3.847444534301758,-0.14811721444129944,-4.222227096557617
m8_2_02,2,full,float,2,1,-5.253232955932617,9.571742057800293,14.133078575134277,-2.0689051151275635,-11.47856330871582,-8.309186935424805,-10.204544067382812,-0.30736732482910156,-2.5339646339416504,-12.882285118103027
m8_2_03,2,full,float,2,1,-3.139911651611328,6.668968200683594,9.10316276550293,-3.514909267425537,-3.9132304191589355,-4.86496114730835,-5.508755207061768,-3.8231184482574463,-1.7394895553588867,-10.391894340515137
m8_2_04,2,full,float,2,1,-5.716845512390137,6.700821876525879,13.40455436706543,0.619560718536377,-8.395036697387695,-7.874460697174072,-10.148027420043945,2.05344557762146,-3.9321751594543457,-13.05211353302002
m8_2_05,2,full,float,2,1,-0.4870108962059021,5.506478786468506,14.353612899780273,-7.674696922302246,-7.597555637359619,-5.848276615142822,-4.2265625,-4.367408275604248,-1.8663458824157715,-14.00613021850586
m8_3_02,3,full,float,3,1,-11.142120361328125,-3.9405357837677,-5.911440372467041,15.064059257507324,-6.487067222595215,1.539426565170288,-10.370007514953613,-2.880387783050537,1.3212332725524902,0.8685489892959595
m8_3_03,3,full,float,3,1,-7.542463302612305,-4.061603546142578,-1.2045605182647705,7.305290699005127,-4.799019813537598,0.5935957431793213,-4.841395854949951,-2.3469202518463135,3.7564609050750732,0.048474859446287155
m8_3_04,3,full,float,3,1,-11.704204559326172,-2.8773953914642334,-5.190685749053955,12.717449188232422,-6.084441661834717,3.1015660762786865,-13.213587760925293,-0.4926871061325073,-3.251612424850464,2.2595534324645996
m8_3_05,3,full,float,3,1,-14.928975105285645,-5.172497272491455,-9.403018951416016,18.602262496948242,-6.895166397094727,4.837786674499512,-11.962772369384766,-5.034171104431152,1.0625617504119873,1.8500739336013794
m8_4_02,4,full,float,4,1,-8.259928703308105,-6.863587856292725,-2.313957691192627,-4.575932025909424,10.265814781188965,-1.892493486404419,-2.9269628524780273,-3.291411876678467,0.8556442856788635,-0.6722093224525452
m8_4_03,4,full,float,4,1,-4.930111885070801,-0.8859635591506958,0.14749157428741455,-3.2309160232543945,7.900716781616211,-4.725862979888916,-4.25848913192749,-2.1638755798339844,-2.197988510131836,-1.6980817317962646
m8_4_04,4,full,float,4,1,-5.503524303436279,-6.900524616241455,-2.712254524230957,-4.805693626403809,10.945259094238281,-2.9052655696868896,-2.898996114730835,0.11215806007385254,-2.3672285079956055,-3.6358494758605957
m8_4_05,4,full,float,4,1,-9.481819152832031,-6.538761138916016,-3.3609280586242676,-2.5172581672668457,10.426217079162598,-0.731037437915802,-3.603849411010742,-1.5368118286132812,0.038782715797424316,-1.9258631467819214
m8_5_02,5,full,float,5,1,-12.001810073852539,-8.151926040649414,-12.845979690551758,6.547245025634766,-5.692992687225342,15.248023986816406,-4.920776844024658,-8.85997200012207,0.33153587579727173,3.85614275932312
m8_5_03,5,full,float,5,1,-10.851821899414062,-6.589208602905273,-9.795397758483887,2.989149332046509,-1.9891518354415894,11.193685531616211,-3.9954640865325928,-5.974930763244629,-1.120841145515442,4.929601669311523
m8_5_04,5,full,float,5,1,-11.969644546508789,-6.4842658042907715,-9.01030158996582,3.2150955200195312,-4.895977020263672,14.177576065063477,-5.609172821044922,-9.68950080871582,0.9705933332443237,4.758723258972168
m8_5_05,5,full,float,5,1,-11.040431022644043,-6.414571762084961,-6.668931007385254,-1.0907082557678223,-3.9375452995300293,13.240543365478516,-4.1056294441223145,-7.523909091949463,2.2730703353881836,4.5038533210754395
m8_6_02,6,full,float,6,1,1.2562966346740723,-4.272130966186523,-1.7996535301208496,-7.352068901062012,-1.4001997709274292,0.5172808170318604,7.557944297790527,-10.819696426391602,2.131526231765747,-7.885756015777588
m8_6_03,6,full,float,6,1,-1.3392926454544067,-4.80937385559082,-0.23707616329193115,-6.177404403686523,0.17702066898345947,0.6559986472129822,5.308366775512695,-10.374221801757812,3.9236948490142822,-7.044162750244141
m8_6_04,6,full,float,6,1,-0.9025161266326904,-7.013912200927734,-2.2209973335266113,-6.077293872833252,-2.231868267059326,2.8896608352661133,9.575275421142578,-13.105477333068848,4.300098419189453,-8.172562599182129
m8_6_05,6,full,float,6,1,0.3643956184387207,-4.769800662994385,-4.104901313781738,-5.937631607055664,-2.62823224067688,1.4948668479919434,7.70762825012207,-9.06941032409668,2.677140235900879,-5.707365989685059
m8_7_02,7,full,float,7,1,-7.060784339904785,0.39875495433807373,0.5191243290901184,5.439664840698242,-5.239459037780762,-5.821197032928467,-12.615070343017578,6.169370651245117,-1.0033729076385498,-0.1027623787522316
m8_7_03,7,full,float,7,1,-4.57774543762207,1.4896602630615234,0.18725040555000305,1.7149617671966553,-3.731166362762451,-6.469877243041992,-9.027822494506836,4.302938461303711,1.7509632110595703,0.018390417098999023
m8_7_04,7,full,float,7,1,-1.6072967052459717,0.24811100959777832,2.0683155059814453,-0.2259845733642578,-3.940457820892334,-4.604805946350098,-5.430013656616211,2.393747091293335,1.5532914400100708,-0.31924137473106384
m8_7_05,7,full,float,7,1,-7.820145606994629,1.0072195529937744,-0.7264729142189026,4.125292778015137,-4.16663932800293,-5.484732627868652,-12.401960372924805,4.918875694274902,-0.5775469541549683,1.8124802112579346
m8_8_02,8,full,float,8,1,-5.476706504821777,-6.475477695465088,0.3306620121002197,1.5141860246658325,-7.376515865325928,-3.3005433082580566,-4.6007890701293945,-5.762373924255371,14.537250518798828,-1.9013007879257202
m8_8_03,8,full,float,5,0,1.0416467189788818,-2.838937282562256,-0.3335225284099579,-4.661848068237305,-2.9188120365142822,2.21252179145813,-2.968313694000244,-0.14898234605789185,1.320433259010315,-0.2939874529838562
m8_8_04,8,full,float,8,1,1.3212285041809082,-2.888439893722534,0.4368228614330292,-4.393528938293457,-0.3618718385696411,1.0442516803741455,-1.2857439517974854,-1.9271316528320312,1.5069140195846558,-1.567603349685669
m8_8_05,8,full,float,8,1,-7.151780128479004,-7.090888500213623,-1.0414760112762451,2.871323585510254,-7.755629539489746,-0.3899235725402832,-3.067931652069092,-8.647005081176758,14.897150993347168,-3.673168420791626
m8_9_02,9,full,float,9,1,-7.279742240905762,-3.002880334854126,-3.5472209453582764,-1.0855755805969238,6.358088493347168,-4.042832851409912,-9.584681510925293,-0.6014071702957153,2.2294063568115234,6.603671550750732
m8_9_03,9,full,float,4,0,-9.810839653015137,-1.9250402450561523,-3.9377224445343018,-0.5486464500427246,7.460805892944336,-4.443418502807617,-11.710936546325684,-0.8892009258270264,1.3802282810211182,7.1283698081970215
m8_9_04,9,full,float,9,1,-8.733217239379883,-5.327578544616699,-2.179304599761963,-0.37660765647888184,5.7762370109558105,-4.174973487854004,-12.26922607421875,0.3193960189819336,2.2241287231445312,8.701254844665527
m8_9_05,9,full,float,9,1,-11.893720626831055,-6.902237892150879,-3.3620033264160156,1.1417601108551025,6.42793083190918,-3.134690284729004,-12.959858894348145,-2.4974284172058105,3.515505313873291,10.796667098999023
m5_0_01,0,full,float,8,0,2.7716119289398193,-4.639683246612549,0.11201925575733185,-2.90215802192688,-2.6589555740356445,-3.605808973312378,-2.935478687286377,-3.3634042739868164,2.7806272506713867,0.05466051399707794
m5_0_02,0,full,float,0,1,4.0176191329956055,-3.900423049926758,0.09090586006641388,-4.813935279846191,-4.434762001037598,-3.2804808616638184,-2.6371042728424072,-0.5259034633636475,1.0213663578033447,-1.740609884262085
m5_0_03,0,full,float,0,1,6.536577224731445,-7.105356216430664,-2.430449962615967,-4.6890106201171875,-3.729351043701172,-3.723100423812866,-0.9211666584014893,-4.142041206359863,-0.2205827832221985,0.4657840132713318
m5_0_04,0,full,float,0,1,3.9737765789031982,-5.793783664703369,0.4109240174293518,-4.067744255065918,-2.2684547901153564,-6.791935920715332,-5.566553592681885,-2.0969738960266113,1.8811681270599365,0.0699569582939148
m5_1_01,1,full,float,1,1,-3.3377833366394043,8.439722061157227,-4.0428314208984375,-10.604792594909668,3.5490241050720215,-3.846914529800415,-3.6326396465301514,-4.576435565948486,-1.290279746055603,-4.3774237632751465
m5_1_02,1,full,float,1,1,-1.7375743389129639,8.222893714904785,-3.5165891647338867,-10.347017288208008,2.388317584991455,-4.872004508972168,-3.745551109313965,-3.7246968746185303,-1.3146191835403442,-4.697720050811768
m5_1_03,1,full,float,1,1,-3.905524969100952,7.887479782104492,-2.7096574306488037,-6.10014009475708,1.3858979940414429,-6.033344268798828,-6.75248384475708,-1.7170343399047852,-0.03697550296783447,-2.3903913497924805
m5_1_04,1,full,float,1,1,-2.3353545665740967,8.782574653625488,-2.66715407371521,-8.519864082336426,1.2309622764587402,-5.826442718505859,-4.495141983032227,-3.499070644378662,0.011730611324310303,-5.782175540924072
m5_2_01,2,full,float,2,1,1.7899408340454102,2.005894184112549,10.517566680908203,-4.38706636428833,-11.142768859863281,-7.2611212730407715,-3.888643741607666,-5.071390151977539,3.511352062225342,-9.960637092590332
m5_2_02,2,full,float,2,1,-2.5454654693603516,0.24260377883911133,10.3084077835083,2.3054678440093994,-13.662473678588867,-11.435308456420898,-8.718417167663574,-0.26640748977661133,4.488495349884033,-5.4777421951293945
m5_2_03,2,full,float,2,1,0.6032962799072266,3.7955410480499268,6.237522125244141,-3.371772289276123,-6.132941246032715,-5.749769687652588,-2.4586586952209473,-3.389615774154663,0.8620530962944031,-7.734433174133301
m5_2_04,2,full,float,2,1,0.053024083375930786,-2.1852951049804688,10.846855163574219,-0.6746495962142944,-9.76164436340332,-7.0492658615112305,-2.3832998275756836,-2.9635093212127686,2.5009961128234863,-8.316210746765137
m5_3_01,3,full,float,3,1,-7.257007598876953,-3.495673656463623,-2.0953571796417236,4.085512638092041,1.343015193939209,-0.7971674799919128,-6.76131010055542,0.293910950422287,-1.2299420833587646,3.2100462913513184
m5_3_02,3,full,float,3,1,-9.337713241577148,-2.743865489959717,-3.9932167530059814,10.99826431274414,-4.42302131652832,0.2911671996116638,-7.060422420501709,-0.7936347723007202,0.38405781984329224,-0.10216554254293442
m5_3_03,3,full,float,3,1,-5.100881576538086,-3.421403408050537,-1.5272992849349976,3.915801525115967,-0.5640860795974731,-1.9545780420303345,-5.231899738311768,0.1171061098575592,0.42835894227027893,2.8637406826019287
m5_3_04,3,full,float,3,1,-9.460538864135742,-5.261606216430664,-3.5706052780151367,5.87320613861084,-0.06826519966125488,1.7514009475708008,-5.848989963531494,0.6340964436531067,-1.852504849433899,2.3382954597473145
m5_4_01,4,full,float,4,1,-5.197147846221924,-6.4307451248168945,-1.1431076526641846,-3.413583278656006,5.46390962600708,-2.2947332859039307,-2.3470375537872314,-5.623701095581055,3.613241672515869,0.9639830589294434
m5_4_02,4,full,float,4,1,-7.492692947387695,-7.481566429138184,-3.3239169120788574,-3.8223912715911865,9.005147933959961,-1.9032841920852661,-8.176484107971191,-1.541505217552185,-0.9649338722229004,6.978796005249023
m5_4_03,4,full,float,4,1,-5.025185585021973,-6.383969306945801,1.8593332767486572,-2.1398332118988037,2.6934518814086914,-1.7442500591278076,0.3235797882080078,-4.3858489990234375,1.2434161901474,-0.977511465549469
m5_4_04,4,full,float,4,1,-6.769683837890625,-10.055171012878418,-0.6495068073272705,-2.215399742126465,6.390265464782715,-2.082430362701416,-6.820948600769043,-1.764369010925293,-0.6046261787414551,6.079972743988037
m5_5_01,5,full,float,5,1,-9.668444633483887,-5.683337688446045,-6.038638114929199,2.7071614265441895,-2.4361886978149414,9.330774307250977,-4.539189338684082,-4.500204563140869,2.6091020107269287,2.656386137008667
m5_5_02,5,full,float,5,1,-6.33574104309082,-3.4917550086975098,-3.7870943546295166,-1.4159412384033203,0.2924995422363281,4.85446310043335,-5.324807167053223,-0.9493621587753296,1.8419026136398315,1.7668938636779785
m5_5_03,5,full,float,5,1,-8.196481704711914,-7.916182518005371,-8.273981094360352,-3.093994379043579,-3.3029732704162598,10.782045364379883,-5.293718338012695,-2.1555089950561523,4.760079383850098,3.019139528274536
m5_5_04,5,full,float,5,1,-6.69672966003418,-5.7533416748046875,-3.2152295112609863,-1.7078499794006348,-1.7941739559173584,5.571550369262695,-2.3495523929595947,-4.5003862380981445,4.561992645263672,2.818179130554199
m5_6_01,6,full,float,6,1,-1.8071229457855225,-6.264139175415039,-2.8128809928894043,-2.2091867923736572,-2.438319206237793,1.1845428943634033,5.70987606048584,-8.418193817138672,5.003343105316162,-3.439923048019409
m5_6_02,6,full,float,6,1,-4.231067657470703,-5.9540581703186035,-3.481896162033081,-1.473978042602539,-0.7753418684005737,2.8783254623413086,6.362993240356445,-8.752863883972168,3.389662742614746,-5.4558305740356445
m5_6_03,6,full,float,6,1,-1.064211368560791,-4.411261081695557,-1.2397501468658447,-4.514416694641113,-0.00726318359375,0.1550307273864746,4.619338512420654,-6.832311153411865,3.3462674617767334,-3.2556045055389404
m5_6_04,6,full,float,6,1,-2.107236862182617,-1.0755751132965088,-1.7300126552581787,-0.3415825366973877,-3.974120616912842,-0.23430702090263367,4.6174421310424805,-7.829381942749023,2.9144287109375,-8.82213306427002
m5_7_01,7,full,float,3,0,-5.390738487243652,-1.42485773563385,1.5190706253051758,4.877407073974609,-5.786447525024414,-6.913986682891846,-11.906858444213867,4.00380277633667,2.267622947692871,1.7640327215194702
m5_7_02,7,full,float,7,1,-7.859671592712402,0.5923670530319214,1.0997165441513062,5.009469032287598,-3.632068634033203,-6.653140068054199,-14.27845573425293,8.593817710876465,-2.9483797550201416,-0.816955029964447
m5_7_03,7,full,float,7,1,-7.049908638000488,0.9293596744537354,0.9189189672470093,3.230290412902832,-2.2153332233428955,-7.549221038818359,-13.06243896484375,6.409582138061523,-0.746860682964325,0.9738982915878296
m5_7_04,7,full,float,7,1,-5.761467933654785,-1.3730782270431519,1.7412487268447876,4.2585129737854,-2.0557026863098145,-7.244380950927734,-11.691728591918945,6.273299217224121,-0.6119203567504883,0.6639745235443115
m5_8_01,8,full,float,8,1,-3.6474413871765137,-5.52678918838501,-1.1200459003448486,-1.862565040588379,-2.1393580436706543,-2.0407819747924805,-4.880917072296143,-4.034039497375488,8.558162689208984,3.607085704803467
m5_8_02,8,full,float,8,1,-0.7626059055328369,-0.5418510437011719,0.9709815382957458,-2.680406332015991,-5.95404577255249,-2.8078432083129883,-1.9073208570480347,-4.497591018676758,7.08730936050415,-3.3552985191345215
m5_8_03,8,full,float,8,1,-4.520092010498047,-6.415737152099609,-3.474729061126709,1.5247589349746704,-3.8210463523864746,-2.693742275238037,-5.512084007263184,-5.232200622558594,11.018304824829102,3.2787926197052
m5_8_04,8,full,float,8,1,-2.6252999305725098,-3.2167813777923584,0.20688199996948242,-1.8193638324737549,-0.8490623235702515,-6.187215328216553,-7.7772064208984375,-1.9731953144073486,8.6475191116333,1.09409761428833
m5_9_01,9,full,float,9,1,-6.12253475189209,-0.04102826118469238,-2.9641523361206055,2.0243074893951416,0.32234418392181396,-4.281498432159424,-10.150196075439453,1.6037659645080566,0.6065008640289307,4.336301326751709
m5_9_02,9,full,float,9,1,-7.919016361236572,-0.8524987101554871,-1.8497610092163086,2.12721586227417,2.563117742538452,-2.3868813514709473,-9.511834144592285,0.553215742111206,0.11082418262958527,4.579263687133789
m5_9_03,9,full,float,9,1,-7.6516571044921875,1.7068861722946167,-2.8832573890686035,2.502871036529541,0.6984703540802002,-4.607257843017578,-9.477627754211426,1.2058744430541992,1.2417939901351929,2.8421194553375244
m5_9_04,9,full,float,3,0,-8.346136093139648,1.4048995971679688,-2.623251438140869,2.8742527961730957,1.4635496139526367,-3.372396469116211,-8.992919921875,1.1760268211364746,0.5430834889411926,2.257652521133423
m4_0_01,0,full,float,0,1,3.1576595306396484,-3.779686450958252,1.5041289329528809,-2.2343366146087646,-3.1201720237731934,-3.815225124359131,-3.166116237640381,-0.7414536476135254,0.9843053221702576,-1.2555677890777588
m4_0_02,0,full,float,0,1,7.066779613494873,-3.903527021408081,-0.1413460224866867,-1.9669592380523682,-5.80296516418457,-1.9720929861068726,-2.2730214595794678,-4.276865482330322,-4.247498512268066,-1.4210246801376343
m4_0_03,0,full,float,0,1,4.99220085144043,-5.122617721557617,0.9337597489356995,-2.305912494659424,-6.927330493927002,-2.776226043701172,-3.7590622901916504,0.6762454509735107,0.33029985427856445,-1.7081595659255981
m4_0_04,0,full,float,0,1,2.284451961517334,-4.722041130065918,1.6191000938415527,-0.2412106692790985,-1.6245861053466797,-3.84299373626709,-4.645169734954834,0.24976742267608643,1.2843282222747803,0.2622804641723633
m4_0_05,0,full,float,0,1,6.564251899719238,-7.093209266662598,0.9117637276649475,-2.157193183898926,-5.945756912231445,-3.28922176361084,-2.0051465034484863,-3.455258369445801,-0.48848265409469604,-0.6968632340431213
m4_1_01,1,full,float,4,0,-1.8291264772415161,0.27999505400657654,-0.07021751999855042,0.4575107991695404,2.071512460708618,-2.704216241836548,-3.551636219024658,0.8077051043510437,-0.9319866299629211,-1.3165189027786255
m4_1_02,1,full,float,8,0,-0.4992879033088684,-6.465935707092285,2.3265914916992188,-2.2772183418273926,-7.685386657714844,-0.44083839654922485,5.009830951690674,-11.120532989501953,6.533646583557129,-7.679563045501709
m4_1_03,1,full,float,8,0,-2.130805015563965,0.03318600356578827,-0.015197694301605225,-0.02950802445411682,-0.20614728331565857,-0.4754074215888977,-1.5197595357894897,-2.2307112216949463,1.2760064601898193,-0.609106719493866
m4_1_04,1,full,float,1,1,-1.9154467582702637,3.618440866470337,-2.923537015914917,-2.5634093284606934,-1.0004816055297852,-0.023291319608688354,-1.8265695571899414,-4.285747528076172,-0.0851733461022377,-3.5740420818328857
m4_1_05,1,full,float,1,1,-0.5014580488204956,2.964482069015503,-1.863267421722412,-4.0383806228637695,0.7009720802307129,-2.2547097206115723,-0.5659739971160889,-2.1646196842193604,0.0717100203037262,-2.9738516807556152
m4_2_01,2,full,float,8,0,-0.9758024215698242,-2.360318422317505,-0.3857012987136841,-1.3642598390579224,-2.5955493450164795,0.9341189861297607,0.35341203212738037,-3.6132612228393555,2.007047176361084,-0.9246726036071777
m4_2_02,2,full,float,2,1,-2.837512254714966,4.485795974731445,5.344372749328613,-1.2500250339508057,-4.445721626281738,-5.0969767570495605,-5.523072242736816,1.5602458715438843,-0.9195532202720642,-4.880727291107178
m4_2_03,2,full,float,2,1,-3.145109176635742,3.474670886993408,5.3388352394104,-0.6548920273780823,-3.2574920654296875,-1.583305835723877,-3.2739245891571045,-1.1296696662902832,-1.7487893104553223,-7.346900939941406
m4_2_04,2,full,float,8,0,-1.9163293838500977,-0.5853191614151001,1.127690076828003,1.1380970478057861,-4.825262069702148,-2.039367198944092,-3.1338937282562256,-1.1745829582214355,3.63541841506958,-0.7747947573661804
m4_2_05,2,full,float,2,1,-3.2488298416137695,-0.9669739007949829,4.05061149597168,-2.5299575328826904,-0.20051872730255127,-1.0633530616760254,-2.580960512161255,-0.6407568454742432,2.6215639114379883,-5.3566718101501465
m4_3_01,3,full,float,1,0,-1.675482988357544,0.9752750396728516,0.3059289753437042,-0.8728183507919312,0.06095883250236511,-0.7991930246353149,-2.14953351020813,-0.6318244934082031,0.5595434904098511,-0.4508022367954254
m4_3_02,3,full,float,3,1,-9.206771850585938,-1.1120539903640747,-2.6057982444763184,6.04518985748291,-0.6847983598709106,3.314192533493042,-6.456137657165527,-0.6957817077636719,-1.4550580978393555,0.7508097290992737
m4_3_03,3,full,float,3,1,-13.152322769165039,-2.649026870727539,-2.3288345336914062,10.849456787109375,-3.105569839477539,1.1157201528549194,-10.447418212890625,-0.9966135025024414,0.23369058966636658,1.8358033895492554
m4_3_04,3,full,float,3,1,-7.793850421905518,-2.2829301357269287,0.18004608154296875,9.117790222167969,-7.036226272583008,-1.1318386793136597,-5.501780033111572,-2.9052278995513916,3.914651870727539,-2.7644400596618652
m4_3_05,3,full,float,3,1,-5.3588762283325195,-1.5585405826568604,-1.221506953239441,3.255176544189453,-2.4009218215942383,-0.9053361415863037,-6.252867698669434,0.2454395294189453,1.6034055948257446,1.8654593229293823
m4_4_01,4,full,float,1,0,-2.9143965244293213,5.146996021270752,1.671058177947998,0.815140426158905,-4.952568054199219,-1.3120965957641602,-5.651702404022217,-1.7468512058258057,-1.6854568719863892,-3.050813674926758
m4_4_02,4,full,float,8,0,-3.5147862434387207,-1.291465401649475,-0.12441927194595337,-0.8705204725265503,0.03826332092285156,0.7862285375595093,-4.802906513214111,0.8057215213775635,0.92537522315979,0.8294167518615723
m4_4_03,4,full,float,8,0,-0.39359694719314575,0.06882786750793457,-0.4537457227706909,-4.205153942108154,-1.8495166301727295,0.4616435170173645,-2.4597249031066895,1.349522590637207,1.4248197078704834,-2.3256592750549316
m4_4_04,4,full,float,4,1,-3.6208343505859375,-1.6675751209259033,-3.5942840576171875,-4.0596137046813965,2.8611676692962646,-0.06976044178009033,-3.2679431438446045,-1.0494624376296997,1.9033288955688477,1.5341848134994507
m4_4_05,4,full,float,4,1,-4.824644565582275,-5.877849102020264,0.09603524208068848,-2.400019407272339,4.931438446044922,-1.3116761445999146,-2.787595272064209,-2.6745238304138184,0.6083861589431763,0.9992985725402832
m4_5_01,5,full,float,2,0,-5.527774810791016,-0.7914228439331055,2.8869469165802,-0.6580545902252197,-6.2431864738464355,1.8079149723052979,-0.808274507522583,-3.7352380752563477,1.246785283088684,-4.76097297668457
m4_5_02,5,full,float,5,1,-5.615764617919922,-5.97541618347168,-2.5352060794830322,-1.1503031253814697,-0.51137375831604,6.514041900634766,-1.6829943656921387,-4.150368690490723,0.2731127440929413,2.610832452774048
m4_5_03,5,full,float,5,1,-8.663253784179688,-7.314586639404297,-4.142648220062256,1.9325464963912964,-3.0749597549438477,7.936015605926514,-4.369362831115723,-4.478662014007568,2.7482142448425293,3.9006545543670654
m4_5_04,5,full,float,5,1,-10.074703216552734,-8.00271987915039,-9.777628898620605,2.981126308441162,-6.766715049743652,14.07999038696289,-3.5677218437194824,-9.238433837890625,1.5780192613601685,4.323855876922607
m4_5_05,5,full,float,5,1,-0.7321443557739258,-4.423956394195557,-0.11255943775177002,-0.5393075942993164,-5.598334789276123,4.21830415725708,0.12924408912658691,-4.095310688018799,2.357449531555176,-3.833635091781616
m4_6_01,6,full,float,5,0,-3.403320789337158,-4.638097286224365,-1.6243610382080078,1.3619441986083984,-1.5931682586669922,3.0328283309936523,2.0351264476776123,-4.119001388549805,2.9478743076324463,-2.678391456604004
m4_6_02,6,full,float,6,1,-2.5778205394744873,-7.1663665771484375,-1.8305788040161133,-2.593773365020752,-2.473064422607422,3.7710628509521484,7.330158710479736,-9.50014591217041,3.150606155395508,-5.835721015930176
m4_6_03,6,full,float,5,0,-4.146265983581543,-8.725807189941406,-5.8783345222473145,-1.8174004554748535,-1.9400749206542969,6.228211402893066,4.709231853485107,-10.217687606811523,3.8645873069763184,-0.7648438811302185
m4_6_04,6,full,float,8,0,-3.6449172496795654,-4.4288859367370605,0.994390070438385,-3.046191930770874,-0.07576704025268555,2.9947867393493652,2.3801653385162354,-6.201313018798828,3.178774356842041,-2.692119836807251
m4_6_05,6,full,float,6,1,-2.9862143993377686,-7.0671820640563965,-1.2554879188537598,-3.8747291564941406,-1.600423812866211,3.8629863262176514,5.239099979400635,-8.6876859664917,4.54082727432251,-3.0430564880371094
m4_7_01,7,full,float,7,1,-5.444460868835449,0.9495353698730469,-0.05652308464050293,2.38832688331604,-0.5117624998092651,-3.7580463886260986,-8.20945930480957,3.423900842666626,-1.4452255964279175,0.8476677536964417
m4_7_02,7,full,float,3,0,-4.201119422912598,-0.7665910720825195,-0.7349412441253662,3.9579198360443115,-2.480842351913452,-2.6307175159454346,-7.143984317779541,1.852217197418213,0.19619056582450867,1.733830213546753
m4_7_03,7,full,float,8,0,-0.9786125421524048,-0.44744032621383667,1.1042746305465698,-0.8406821489334106,-1.6543443202972412,-0.7090060114860535,-1.7116520404815674,-0.536731481552124,1.4160667657852173,-0.4440923035144806
m4_7_04,7,full,float,3,0,-3.407662868499756,-1.599429726600647,0.9005036354064941,2.7729861736297607,-1.7962346076965332,-3.3001956939697266,-5.793277263641357,0.7998169660568237,1.9553143978118896,1.520572543144226
m4_7_05,7,full,float,3,0,-2.4267537593841553,-0.973408579826355,1.2100017070770264,2.8564305305480957,-3.7766404151916504,-3.002835750579834,-4.85856294631958,0.9498710036277771,1.5884699821472168,0.15617799758911133
m4_8_01,8,full,float,8,1,-1.857966423034668,-4.771535396575928,1.0364280939102173,-0.18515494465827942,-3.876837730407715,0.7985994815826416,-0.8832800984382629,-2.6789584159851074,5.705153942108154,-0.6324455738067627
m4_8_02,8,full,float,3,0,-4.348344802856445,-4.140957832336426,-2.9201443195343018,4.590065956115723,-3.393303871154785,1.3474862575531006,-2.5141854286193848,-3.026791572570801,4.3145647048950195,0.5795557498931885
m4_8_03,8,full,float,8,1,-3.395028829574585,-5.5242414474487305,-1.454592227935791,4.528221130371094,-4.807015419006348,-1.1374874114990234,-4.038297653198242,-2.8466997146606445,6.511414051055908,1.1886286735534668
m4_8_04,8,full,float,8,1,-3.8572583198547363,-3.90360689163208,2.7387728691101074,1.6958973407745361,-3.961496114730835,-1.3403222560882568,-0.21010804176330566,-4.8547892570495605,7.200623035430908,-5.585064888000488
m4_8_05,8,full,float,8,1,-1.3460991382598877,-5.886178016662598,0.06478524208068848,-2.349029064178467,-1.74003005027771,0.4569244384765625,2.549936056137085,-5.226110458374023,6.5813307762146,-3.1373822689056396
m4_9_01,9,full,float,3,0,-2.1946699619293213,0.0925871878862381,-0.4809011220932007,1.8629001379013062,-0.8402378559112549,-2.1554477214813232,-3.947073459625244,1.2207155227661133,0.2496638149023056,0.6309320330619812
m4_9_02,9,full,float,3,0,-3.3078675270080566,-2.58854341506958,-0.5646481513977051,3.244472026824951,-1.3521662950515747,-2.4843382835388184,-5.9931254386901855,1.0268971920013428,0.6624202132225037,2.809483528137207
m4_9_03,9,full,float,3,0,-4.368477821350098,-2.0834474563598633,-1.7698085308074951,2.958648681640625,-0.6961854696273804,-2.0648727416992188,-7.201179504394531,1.3443500995635986,0.9127010107040405,2.8827133178710938
m4_9_04,9,full,float,9,1,-7.969710350036621,-5.041341781616211,-3.65958571434021,-0.06466749310493469,6.32490873336792,-2.854051113128662,-9.85293960571289,-0.6034479141235352,1.7871975898742676,7.742328643798828
m4_9_05,9,full,float,9,1,-5.374433517456055,-5.344934940338135,-3.4685776233673096,1.9209201335906982,2.0949089527130127,-2.148008346557617,-6.3194732666015625,-1.2316805124282837,3.6487414836883545,5.631064414978027
m3_0_01,0,full,float,2,0,0.003169804811477661,-1.8401763439178467,1.055981159210205,1.018550992012024,-1.4856047630310059,-1.1714799404144287,-2.128297805786133,-0.4359046220779419,0.9527977108955383,-0.7044581174850464
m3_0_02,0,full,float,0,1,1.1463751792907715,-2.531332492828369,0.3856915235519409,0.7801005840301514,-3.248854160308838,-0.2400241494178772,-1.9372285604476929,-1.5704368352890015,0.28560730814933777,-0.20880180597305298
m3_0_03,0,full,float,2,0,0.16502277553081512,-2.394629955291748,1.3177727460861206,1.258314609527588,-4.000462532043457,-0.16206903755664825,-2.205839157104492,-1.5640931129455566,1.0892388820648193,-1.2959080934524536
m3_0_04,0,full,float,0,1,0.7268850207328796,-2.815180540084839,0.0009580850601196289,0.3011302947998047,-2.04854416847229,-0.04676896333694458,-1.4150818586349487,-0.4897277355194092,0.5182135701179504,-0.2466181218624115
m3_0_05,0,full,float,2,0,0.8011587858200073,-1.6686303615570068,2.7658543586730957,0.05820247530937195,-2.0286664962768555,-2.236814022064209,-3.722299098968506,0.39809322357177734,-0.8637864589691162,-0.9351587891578674
m3_1_01,1,full,float,1,1,-0.49989140033721924,4.052148818969727,-1.3309392929077148,-5.559314727783203,0.7338047027587891,-1.327181100845337,-0.383487343788147,-2.9086151123046875,-0.5035945177078247,-3.441129446029663
m3_1_02,1,full,float,1,1,-1.0992193222045898,1.0762802362442017,0.26140445470809937,-2.283205032348633,-2.2744221687316895,-0.027923256158828735,-0.19365209341049194,-0.5739349126815796,0.7235857844352722,-2.426649570465088
m3_1_03,1,full,float,1,1,-0.08501362800598145,3.2232120037078857,-1.713829517364502,-4.688019275665283,-0.17932718992233276,-0.9674969911575317,-0.3283902406692505,-2.37807297706604,-0.4222601652145386,-3.08537220954895
m3_1_04,1,full,float,1,1,-0.28877872228622437,4.456033706665039,-1.7117923498153687,-5.957462310791016,1.2451138496398926,-1.286994218826294,-0.3207177221775055,-3.1535487174987793,-1.2712554931640625,-3.7532145977020264
m3_1_05,1,full,float,8,0,-2.200969696044922,-0.1471925675868988,0.5428454279899597,0.8049216270446777,-1.6142878532409668,-0.7062559127807617,-2.4409444332122803,-0.7616695165634155,0.8721143007278442,-0.03067765384912491
m3_2_01,2,full,float,2,1,-2.1418676376342773,0.15570592880249023,1.8964743614196777,1.440909504890442,-3.914238214492798,-0.93696129322052,-3.71128249168396,-0.902783215045929,1.2487268447875977,-0.9413440227508545
m3_2_02,2,full,float,2,1,-2.1418676376342773,0.15570592880249023,1.8964743614196777,1.440909504890442,-3.914238214492798,-0.93696129322052,-3.71128249168396,-0.902783215045929,1.2487268447875977,-0.9413440227508545
m3_2_03,2,full,float,3,0,-3.080965042114258,-1.3102672100067139,1.147322177886963,2.7633674144744873,-2.4172568321228027,-1.3001413345336914,-4.488826751708984,-0.7266290783882141,1.5798612833023071,0.8041248321533203
m3_2_04,2,full,float,2,1,-1.8105566501617432,0.39428746700286865,4.012118339538574,0.44633662700653076,-5.848237037658691,-1.3251376152038574,-3.442906379699707,-1.8162391185760498,1.2081352472305298,-2.3853445053100586
m3_2_05,2,full,float,2,1,-1.7730956077575684,0.6493575572967529,4.23507022857666,-0.2657318413257599,-5.57180118560791,-1.4061087369918823,-2.482937812805176,-1.628375768661499,0.9644469618797302,-2.627633810043335
m3_3_01,3,full,float,3,1,-5.868146896362305,-1.6258481740951538,-2.377311944961548,5.41782283782959,-2.660266399383545,2.2439064979553223,-5.156992435455322,-0.24951672554016113,-0.5594242811203003,1.0284922122955322
m3_3_02,3,full,float,3,1,-7.57203483581543,-3.905803680419922,-2.70477294921875,6.766373157501221,-1.4737803936004639,2.630311965942383,-4.945140838623047,-0.4193451404571533,-0.2778485417366028,1.034057378768921
m3_3_03,3,full,float,3,1,-7.346778869628906,-2.170903205871582,-1.9984484910964966,6.394145965576172,-1.803676962852478,0.32617852091789246,-6.0884857177734375,0.10739818215370178,0.8431839942932129,1.4627478122711182
m3_3_04,3,full,float,3,1,-8.69249439239502,-2.380443811416626,-2.0045785903930664,6.532844066619873,-1.726262092590332,1.0214033126831055,-7.527987003326416,0.8643925786018372,0.4420452117919922,1.5175971984863281
m3_3_05,3,full,float,3,1,-6.947992324829102,-0.0022524595260620117,-1.7418118715286255,5.90759801864624,-0.5096976161003113,-0.7436777949333191,-6.953783988952637,2.025134325027466,-1.3720744848251343,-0.5050591230392456
m3_4_01,4,full,float,4,1,-4.107186317443848,-0.5998425483703613,1.0021604299545288,-0.8277395963668823,1.9349989891052246,-1.0017576217651367,-5.120198726654053,0.7719395160675049,-1.3543522357940674,1.4437309503555298
m3_4_02,4,full,float,4,1,-5.038336753845215,-2.8858563899993896,0.5096607208251953,-0.49525731801986694,1.7767770290374756,1.6606504917144775,-1.0226880311965942,-2.560427188873291,0.9974499344825745,0.044634513556957245
m3_4_03,4,full,float,4,1,-4.064538478851318,0.6885659694671631,-0.9617425799369812,-2.002943515777588,3.324254035949707,-3.0088846683502197,-6.281221389770508,1.0695353746414185,0.05381060019135475,1.8215807676315308
m3_4_04,4,full,float,5,0,-5.451043128967285,-2.3653039932250977,0.8658794164657593,0.5574896335601807,1.4091063737869263,2.7255983352661133,-1.8146007061004639,-1.746936321258545,-0.4358559250831604,-0.7447230815887451
m3_4_05,4,full,float,8,0,-3.2944650650024414,-0.4710302948951721,-2.0951576232910156,-0.6191279888153076,-0.48068952560424805,0.5882865190505981,-0.9524086713790894,-0.8861640095710754,0.9407665729522705,0.4326956272125244
m3_5_01,5,full,float,5,1,-4.998044013977051,-4.093544006347656,-3.4459524154663086,1.0590646266937256,-0.8113759756088257,4.8129777908325195,-2.7094223499298096,-3.6879167556762695,1.174424648284912,2.6534008979797363
m3_5_02,5,full,float,5,1,-4.43964147567749,-4.325510501861572,-4.350510120391846,3.6946187019348145,-2.4906694889068604,4.78916597366333,-2.8818490505218506,-2.8401029109954834,1.3658193349838257,1.8317325115203857
m3_5_03,5,full,float,5,1,-5.31350040435791,-0.8330978751182556,-2.631685733795166,2.3632824420928955,-4.119063377380371,5.113066673278809,-5.605493545532227,-1.0831737518310547,0.1565580815076828,0.5066263675689697
m3_5_04,5,full,float,5,1,-4.644654273986816,-2.7466742992401123,-1.8225481510162354,2.6647768020629883,-3.390702247619629,4.1758809089660645,-4.489806175231934,-1.2395155429840088,0.48396146297454834,1.2954365015029907
m3_5_05,5,full,float,5,1,-3.730273485183716,-1.0045747756958008,-2.3428549766540527,1.257387638092041,-2.257230758666992,4.8345255851745605,-2.500863790512085,-1.6234004497528076,-0.19765318930149078,-1.0711002349853516
m3_6_01,6,full,float,6,1,-0.31610196828842163,-2.9229602813720703,-0.19306176900863647,-2.7481422424316406,-0.9609143733978271,0.36255955696105957,3.166301727294922,-4.016824722290039,2.6425981521606445,-2.5705840587615967
m3_6_02,6,full,float,5,0,-5.303937911987305,-1.7091859579086304,-1.4311953783035278,2.155505657196045,0.07258212566375732,2.8129613399505615,-0.8894134163856506,-1.8872648477554321,0.6085818409919739,-1.360603928565979
m3_6_03,6,full,float,5,0,-3.9807586669921875,0.018529824912548065,-1.779330849647522,0.21158474683761597,0.0819186270236969,2.306213617324829,-0.8636555671691895,-3.306190013885498,0.7286984920501709,-0.6699570417404175
m3_6_04,6,full,float,5,0,-5.654806137084961,-1.406213641166687,-1.677687644958496,0.43862080574035645,1.2318124771118164,2.808741331100464,-2.4136741161346436,-2.1604936122894287,0.9247554540634155,0.8236414194107056
m3_6_05,6,full,float,5,0,-2.9493706226348877,-1.2268403768539429,-2.086151599884033,0.41686302423477173,-0.3119979500770569,2.4712812900543213,-0.16449671983718872,-3.0537843704223633,0.8787486553192139,-0.32648441195487976
m3_7_01,7,full,float,3,0,-3.67761492729187,-0.6653220653533936,-0.7583610415458679,2.4673845767974854,-2.6987411975860596,0.09514927864074707,-3.962191343307495,1.0674022436141968,0.385774165391922,0.3283126652240753
m3_7_02,7,full,float,3,0,-3.13978910446167,-0.07390379905700684,0.10952359437942505,1.623530626296997,-2.7138752937316895,0.055999755859375,-3.679359197616577,0.600921630859375,0.8548955917358398,-0.8656485080718994
m3_7_03,7,full,float,2,0,-1.2971590757369995,-1.2980018854141235,1.9233195781707764,0.2949455678462982,-3.6112849712371826,-1.3196829557418823,-3.583420753479004,1.0043799877166748,1.632463812828064,-0.22050943970680237
m3_7_04,7,full,float,3,0,-3.2875993251800537,-0.7773776650428772,-0.25455230474472046,1.5658111572265625,-0.691257119178772,0.14315682649612427,-3.4892196655273438,0.2596467435359955,0.3019483983516693,0.706347644329071
m3_7_05,7,full,float,3,0,-4.338981628417969,-0.46248626708984375,-0.5380997657775879,2.381936550140381,-1.8799266815185547,-0.469147652387619,-4.418574333190918,1.3875657320022583,0.2929372489452362,0.5251089930534363
m3_8_01,8,full,float,5,0,-4.163186073303223,-2.6457765102386475,-2.6618480682373047,1.5154061317443848,-1.4152588844299316,4.3710036277771,-0.11889278888702393,-2.948469400405884,0.8576229810714722,-0.39690661430358887
m3_8_02,8,full,float,8,1,-3.424038887023926,-1.1253336668014526,-0.2506710886955261,1.7961534261703491,-1.8796696662902832,1.1412959098815918,-1.3474769592285156,-1.9145020246505737,2.5829267501831055,-1.2112315893173218
m3_8_03,8,full,float,3,0,-3.47310209274292,-1.8629155158996582,0.08069407939910889,3.21291446685791,-1.6208598613739014,-0.648462176322937,-1.8016566038131714,-1.2191674709320068,2.6706979274749756,-1.2585500478744507
m3_8_04,8,full,float,8,1,-3.496458053588867,-3.981001853942871,-1.2102159261703491,1.2637665271759033,1.4171392917633057,1.2257659435272217,-0.600561261177063,-2.196829319000244,2.482869863510132,-0.19713707268238068
m3_8_05,8,full,float,3,0,-3.7512011528015137,-2.157066583633423,-0.715299129486084,2.31502103805542,-1.7624491453170776,1.6513372659683228,-1.2397327423095703,-2.1721808910369873,2.2534937858581543,-0.5861518383026123
m3_9_01,9,full,float,3,0,-5.7884674072265625,-1.9618515968322754,-0.7037911415100098,2.4738306999206543,-0.19033467769622803,-0.9570835828781128,-5.644654750823975,0.4552639126777649,1.503301978111267,1.8685420751571655
m3_9_02,9,full,float,9,1,-5.1570634841918945,-1.0306241512298584,-1.2791593074798584,1.7463791370391846,-0.9515008926391602,-1.014585256576538,-4.885345458984375,0.0883408784866333,1.5867048501968384,2.3061161041259766
m3_9_03,9,full,float,3,0,-4.2073974609375,-2.2111988067626953,-1.533690094947815,3.249342918395996,-0.33736467361450195,-0.8946752548217773,-4.294679641723633,-0.19165796041488647,2.088862895965576,1.6573386192321777
m3_9_04,9,full,float,9,1,-5.467790603637695,-0.9872903823852539,-3.063594341278076,2.206332206726074,-1.29171621799469,-1.8206589221954346,-6.148928165435791,0.18823862075805664,2.5035557746887207,3.1884102821350098
m3_9_05,9,full,float,3,0,-6.760773658752441,-1.0180166959762573,-2.3089561462402344,2.397454023361206,1.1656432151794434,0.07619637250900269,-5.911018371582031,1.3641901016235352,-0.7536088228225708,2.2015979290008545
m7_0_01,0,full,float,8,0,0.606797456741333,-4.862392902374268,0.15562230348587036,-0.05530531704425812,-0.9188525080680847,-1.4304096698760986,-1.2622268199920654,-0.996090292930603,2.37250018119812,1.3663358688354492
m7_0_02,0,full,float,0,1,0.5014235377311707,-3.5527429580688477,-0.8968408703804016,0.3005400002002716,-1.3662009239196777,-0.29419398307800293,-0.5475865602493286,-0.698880136013031,0.46911171078681946,0.4212505519390106
m7_0_03,0,full,float,0,1,3.8100476264953613,-4.619508743286133,1.18873131275177,-0.9562418460845947,-2.21716046333313,-2.1465792655944824,-0.740479052066803,-2.496976852416992,-0.34545573592185974,-0.1370394378900528
m7_0_04,0,full,float,2,0,-0.22897234559059143,-1.6129019260406494,1.7394236326217651,0.11365225911140442,-2.006213903427124,-2.144132137298584,-2.570632219314575,0.47800368070602417,1.0474038124084473,-0.5256067514419556
m7_0_05,0,full,float,8,0,-0.29627543687820435,-3.0648298263549805,0.19011056423187256,0.953821063041687,-1.3143436908721924,-1.096287727355957,-2.2704734802246094,0.23112064599990845,1.1309230327606201,0.2991083264350891
m7_1_01,1,full,float,4,0,-1.3658479452133179,0.104167640209198,-0.9473165273666382,-2.640604019165039,1.1705313920974731,-0.4665115475654602,-0.8601513504981995,-2.154452085494995,0.9345561861991882,-0.21529647707939148
m7_1_02,1,full,float,8,0,-2.0400846004486084,-0.639595627784729,-0.3991512656211853,-0.4014669358730316,-0.07914447784423828,-0.6421070098876953,-2.1951565742492676,-0.7317293882369995,1.529435396194458,0.5434995889663696
m7_1_03,1,full,float,1,1,-0.8693654537200928,1.243473768234253,-0.3267008364200592,-3.626746416091919,-0.22984763979911804,-1.1146448850631714,-1.2470791339874268,-0.8699718713760376,0.7052068114280701,-1.0963921546936035
m7_1_04,1,full,float,1,1,-1.1345466375350952,1.8451142311096191,-1.146364688873291,-3.910933494567871,0.41337156295776367,-0.8583587408065796,-0.9347110390663147,-0.8806918859481812,0.3114776909351349,-1.798456072807312
m7_1_05,1,full,float,9,0,-1.8206753730773926,-1.5953885316848755,-1.3505125045776367,-0.48229527473449707,-0.6993247270584106,0.20771193504333496,-1.9354605674743652,-0.3158057928085327,1.636928915977478,1.6892790794372559
m7_2_01,2,full,float,2,1,-1.9736602306365967,0.6905744075775146,4.851861000061035,-0.018964707851409912,-2.993422031402588,-3.2179088592529297,-1.3930119276046753,0.14338654279708862,-0.08723820745944977,-5.084024429321289
m7_2_02,2,full,float,3,0,-3.5438954830169678,-0.296205997467041,0.2149522453546524,4.59146785736084,-2.5236778259277344,-2.220003604888916,-3.9596924781799316,0.655519962310791,1.3438140153884888,-1.7309826612472534
m7_2_03,2,full,float,2,1,-2.5223748683929443,-1.3276207447052002,3.3052330017089844,2.1591644287109375,-4.794376373291016,-2.7472023963928223,-3.56905460357666,0.6903936862945557,2.446930170059204,-1.6747679710388184
m7_2_04,2,full,float,2,1,-2.7478723526000977,-1.0777642726898193,3.2669484615325928,2.6872024536132812,-4.518265724182129,-2.901200532913208,-2.6574065685272217,-1.1118617057800293,2.5371482372283936,-2.7840075492858887
m7_2_05,2,full,float,2,1,-2.8499855995178223,-0.09817183017730713,4.707299709320068,2.6459145545959473,-5.959693431854248,-4.294320583343506,-3.526691198348999,0.4481602907180786,1.8750280141830444,-4.11921501159668
m7_3_01,3,full,float,3,1,-4.181619167327881,-4.793374538421631,1.450823426246643,2.1282238960266113,0.6678817272186279,0.18659061193466187,-1.768593430519104,-0.09257030487060547,-0.5649279952049255,-2.173333168029785
m7_3_02,3,full,float,3,1,-5.285243034362793,-3.0333235263824463,-0.9888632297515869,3.813476324081421,0.6891516447067261,0.1292673945426941,-3.5563530921936035,0.553382396697998,0.3407847285270691,-2.033616542816162
m7_3_03,3,full,float,3,1,-4.907506465911865,-2.221121072769165,-1.2668461799621582,6.821561336517334,-3.557676315307617,-0.6421505212783813,-4.402531147003174,-0.4611865282058716,0.9268139600753784,-0.3994583189487457
m7_3_04,3,full,float,3,1,-2.344634771347046,-2.2108328342437744,0.062033772468566895,2.8272361755371094,-1.7753386497497559,-1.1035795211791992,-3.6467392444610596,1.4281049966812134,-1.8421521186828613,-1.0984963178634644
m7_3_05,3,full,float,3,1,-7.980743408203125,-4.489205360412598,-2.137380599975586,8.748590469360352,-3.7585349082946777,1.266258955001831,-3.831544876098633,-0.6116435527801514,0.4774196147918701,-0.7641194462776184
m7_4_01,4,full,float,8,0,-1.8576452732086182,-4.64475154876709,0.2589161992073059,-0.13082671165466309,0.8169931173324585,0.042880475521087646,1.207017421722412,-1.8229293823242188,1.2723159790039062,-0.895542323589325
m7_4_02,4,full,float,6,0,0.47511279582977295,-3.714982032775879,-0.31303179264068604,-1.891430377960205,0.7362561225891113,-0.25786709785461426,1.8298777341842651,-1.8974717855453491,0.9018422961235046,-1.4710414409637451
m7_4_03,4,full,float,2,0,-3.100752830505371,-2.569613218307495,1.4387474060058594,0.7890181541442871,0.33501046895980835,-0.5228033065795898,-0.9124988317489624,-0.43233606219291687,1.2752083539962769,-1.4678411483764648
m7_4_04,4,full,float,6,0,-1.1173412799835205,-3.9801478385925293,0.4724143147468567,-2.038755178451538,0.47816407680511475,-0.17321431636810303,3.5504579544067383,-2.2179112434387207,-0.061908647418022156,-4.001438617706299
m7_4_05,4,full,float,6,0,-0.14348557591438293,-3.160404682159424,-0.33343374729156494,-1.6456987857818604,0.4396703243255615,1.4363715648651123,1.6603246927261353,-2.258495330810547,-1.849271297454834,-1.651094675064087
m7_5_01,5,full,float,3,0,-4.85130500793457,-3.8227200508117676,-3.61026930809021,5.013110160827637,-2.7698981761932373,3.2456419467926025,-3.9520699977874756,-2.384674072265625,1.4991657733917236,1.8603936433792114
m7_5_02,5,full,float,5,1,-3.6671054363250732,-4.264602184295654,-2.603821039199829,1.9921190738677979,-2.8415849208831787,4.735551834106445,-3.23045015335083,-1.0428602695465088,0.7860547304153442,1.3422987461090088
m7_5_03,5,full,float,5,1,-4.357949256896973,-3.5973877906799316,-3.1021618843078613,2.1940534114837646,-1.1024725437164307,4.124069690704346,-1.0114576816558838,-2.6628975868225098,1.3908851146697998,0.8747094869613647
m7_5_04,5,full,float,5,1,-2.0582077503204346,-2.069960117340088,-1.557597279548645,0.6205059289932251,-0.921266496181488,2.4800240993499756,-1.6711028814315796,-0.937713623046875,0.5533566474914551,0.7779849171638489
m7_5_05,5,full,float,5,1,-3.502415180206299,-2.458308219909668,-1.1971940994262695,2.0818920135498047,-4.948749542236328,2.398930072784424,-3.2343218326568604,-0.957325279712677,0.41571366786956787,0.8741469979286194
m7_6_01,6,full,float,8,0,-3.959044933319092,-3.6968650817871094,1.286046028137207,0.3899214267730713,0.3106966018676758,0.9773479104042053,1.47745943069458,-3.5737268924713135,2.2965922355651855,-2.784783124923706
m7_6_02,6,full,float,5,0,-3.21870756149292,-6.21807861328125,-1.418661117553711,0.09711003303527832,-0.20752465724945068,3.000990867614746,2.7859809398651123,-4.254177093505859,1.6945300102233887,-2.032701015472412
m7_6_03,6,full,float,5,0,-1.2541495561599731,-1.8738857507705688,-1.8102298974990845,1.1738990545272827,-2.594444751739502,1.9916913509368896,0.5267695188522339,-2.4083151817321777,0.28182363510131836,-1.662601351737976
m7_6_04,6,full,float,8,0,-0.18681561946868896,0.08723032474517822,-0.6873115301132202,-2.227614641189575,-0.2087760865688324,-0.2544122040271759,0.4830087423324585,-2.151505470275879,0.6536810398101807,-1.8237941265106201
m7_6_05,6,full,float,6,1,-0.15365737676620483,-1.833189606666565,-0.9783167839050293,-2.580073118209839,-1.0476570129394531,0.959831714630127,2.927846908569336,-3.4613471031188965,0.8877439498901367,-3.521695852279663
m7_7_01,7,full,float,7,1,-3.6035711765289307,-0.5246697664260864,0.3291803300380707,2.480393171310425,-2.521243095397949,-3.3839471340179443,-5.996882438659668,2.767864227294922,0.7333876490592957,0.43443766236305237
m7_7_02,7,full,float,7,1,-2.427129030227661,-2.227609872817993,0.29280728101730347,1.9938175678253174,-2.0862061977386475,-3.266540765762329,-6.726465225219727,4.280459403991699,-0.7403501868247986,0.8292410373687744
m7_7_03,7,full,float,7,1,-2.417254686355591,-1.1399173736572266,0.6957100033760071,1.812131404876709,-2.7525951862335205,-1.7839549779891968,-4.901306629180908,1.9928829669952393,0.28092077374458313,0.5884983539581299
m7_7_04,7,full,float,3,0,-1.9512227773666382,-2.6045830249786377,0.744960367679596,2.645191192626953,-3.0176334381103516,-2.6245150566101074,-5.410365581512451,2.6144020557403564,0.3003239929676056,0.5131954550743103
m7_7_05,7,full,float,3,0,-3.3524532318115234,-1.8945285081863403,0.3573867380619049,3.0426950454711914,-3.434832811355591,-1.6558983325958252,-5.4543890953063965,1.3830069303512573,1.5208039283752441,0.7932033538818359
m7_8_01,8,full,float,8,1,-4.776951789855957,-2.0491943359375,2.2022132873535156,0.8038649559020996,-2.9460713863372803,0.5168565511703491,-0.8144406080245972,-2.211177349090576,4.073929309844971,-2.790015935897827
m7_8_02,8,full,float,8,1,-4.193387985229492,-3.1287214756011963,2.441697835922241,-0.10792213678359985,-2.8445491790771484,-0.11398407816886902,0.7961267828941345,-4.836971282958984,6.277615070343018,-4.535665988922119
m7_8_03,8,full,float,3,0,-7.9331583976745605,-3.3490936756134033,-0.3679819107055664,6.243056297302246,-4.82439661026001,1.1907989978790283,-3.322869300842285,-2.6697421073913574,4.495931148529053,-2.418637990951538
m7_8_04,8,full,float,8,1,-5.068836212158203,-3.375068187713623,-0.944465696811676,2.2958498001098633,-2.7390506267547607,2.6803154945373535,-2.211071014404297,-2.8458003997802734,4.687867641448975,-1.256797432899475
m7_8_05,8,full,float,8,1,-1.6243033409118652,-4.255800724029541,1.2808564901351929,0.7689314484596252,-3.780759572982788,-0.5206747055053711,-1.6214351654052734,-3.2098517417907715,6.523595333099365,-1.9024577140808105
m7_9_01,9,full,float,5,0,-2.554884195327759,-3.2419567108154297,-1.7588787078857422,0.3807252049446106,0.4243670701980591,1.1855521202087402,-0.12828677892684937,-0.5172986388206482,-0.16673842072486877,0.8169943690299988
m7_9_02,9,full,float,8,0,-2.9075167179107666,-1.8007001876831055,0.5577512383460999,0.00018988549709320068,-0.5283584594726562,-0.6142681241035461,-3.989349126815796,-0.8277844190597534,2.157075881958008,2.0144927501678467
m7_9_03,9,full,float,3,0,-5.327488899230957,-3.5234744548797607,-2.6606643199920654,3.8898706436157227,-0.3565782308578491,-0.4482871890068054,-5.930177688598633,0.20752352476119995,0.975360095500946,3.5076398849487305
m7_9_04,9,full,float,8,0,-1.8730218410491943,-1.458928108215332,-0.8925862312316895,-1.744153618812561,1.3080134391784668,-0.34410250186920166,-2.9188337326049805,0.16632968187332153,1.43363356590271,1.1575690507888794
m7_9_05,9,full,float,9,1,-4.074296951293945,-2.231741428375244,0.11484771966934204,0.24205875396728516,-0.5315655469894409,0.4767048954963684,-3.8596136569976807,-0.597828209400177,1.8242756128311157,1.9703844785690308
