sample_id,filename,label,member,sequence,sample_type,original_path,notes
m1_0_01,m1_0_01.jpg,0,1,1,digit,original/0/m1_0_01.jpg,
m1_0_02,m1_0_02.jpg,0,1,2,digit,original/0/m1_0_02.jpg,
m1_0_03,m1_0_03.jpg,0,1,3,digit,original/0/m1_0_03.jpg,
m1_0_04,m1_0_04.jpg,0,1,4,digit,original/0/m1_0_04.jpg,
m1_0_05,m1_0_05.jpg,0,1,5,digit,original/0/m1_0_05.jpg,
m1_1_01,m1_1_01.jpg,1,1,1,digit,original/1/m1_1_01.jpg,
m1_1_02,m1_1_02.jpg,1,1,2,digit,original/1/m1_1_02.jpg,
m1_1_03,m1_1_03.jpg,1,1,3,digit,original/1/m1_1_03.jpg,
m1_1_04,m1_1_04.jpg,1,1,4,digit,original/1/m1_1_04.jpg,
m1_1_05,m1_1_05.jpg,1,1,5,digit,original/1/m1_1_05.jpg,
m1_2_01,m1_2_01.jpg,2,1,1,digit,original/2/m1_2_01.jpg,
m1_2_02,m1_2_02.jpg,2,1,2,digit,original/2/m1_2_02.jpg,
m1_2_03,m1_2_03.jpg,2,1,3,digit,original/2/m1_2_03.jpg,
m1_2_04,m1_2_04.jpg,2,1,4,digit,original/2/m1_2_04.jpg,
m1_2_05,m1_2_05.jpg,2,1,5,digit,original/2/m1_2_05.jpg,
m1_3_01,m1_3_01.jpg,3,1,1,digit,original/3/m1_3_01.jpg,
m1_3_02,m1_3_02.jpg,3,1,2,digit,original/3/m1_3_02.jpg,
m1_3_03,m1_3_03.jpg,3,1,3,digit,original/3/m1_3_03.jpg,
m1_3_04,m1_3_04.jpg,3,1,4,digit,original/3/m1_3_04.jpg,
m1_3_05,m1_3_05.jpg,3,1,5,digit,original/3/m1_3_05.jpg,
m1_4_01,m1_4_01.jpg,4,1,1,digit,original/4/m1_4_01.jpg,
m1_4_02,m1_4_02.jpg,4,1,2,digit,original/4/m1_4_02.jpg,
m1_4_03,m1_4_03.jpg,4,1,3,digit,original/4/m1_4_03.jpg,
m1_4_04,m1_4_04.jpg,4,1,4,digit,original/4/m1_4_04.jpg,
m1_4_05,m1_4_05.jpg,4,1,5,digit,original/4/m1_4_05.jpg,
m1_5_01,m1_5_01.jpg,5,1,1,digit,original/5/m1_5_01.jpg,
m1_5_02,m1_5_02.jpg,5,1,2,digit,original/5/m1_5_02.jpg,
m1_5_03,m1_5_03.jpg,5,1,3,digit,original/5/m1_5_03.jpg,
m1_5_04,m1_5_04.jpg,5,1,4,digit,original/5/m1_5_04.jpg,
m1_5_05,m1_5_05.jpg,5,1,5,digit,original/5/m1_5_05.jpg,
m1_6_01,m1_6_01.jpg,6,1,1,digit,original/6/m1_6_01.jpg,
m1_6_02,m1_6_02.jpg,6,1,2,digit,original/6/m1_6_02.jpg,
m1_6_03,m1_6_03.jpg,6,1,3,digit,original/6/m1_6_03.jpg,
m1_6_04,m1_6_04.jpg,6,1,4,digit,original/6/m1_6_04.jpg,
m1_6_05,m1_6_05.jpg,6,1,5,digit,original/6/m1_6_05.jpg,
m1_7_01,m1_7_01.jpg,7,1,1,digit,original/7/m1_7_01.jpg,
m1_7_02,m1_7_02.jpg,7,1,2,digit,original/7/m1_7_02.jpg,
m1_7_03,m1_7_03.jpg,7,1,3,digit,original/7/m1_7_03.jpg,
m1_7_04,m1_7_04.jpg,7,1,4,digit,original/7/m1_7_04.jpg,
m1_7_05,m1_7_05.jpg,7,1,5,digit,original/7/m1_7_05.jpg,
m1_8_01,m1_8_01.jpg,8,1,1,digit,original/8/m1_8_01.jpg,
m1_8_02,m1_8_02.jpg,8,1,2,digit,original/8/m1_8_02.jpg,
m1_8_03,m1_8_03.jpg,8,1,3,digit,original/8/m1_8_03.jpg,
m1_8_04,m1_8_04.jpg,8,1,4,digit,original/8/m1_8_04.jpg,
m1_8_05,m1_8_05.jpg,8,1,5,digit,original/8/m1_8_05.jpg,
m1_9_01,m1_9_01.jpg,9,1,1,digit,original/9/m1_9_01.jpg,
m1_9_02,m1_9_02.jpg,9,1,2,digit,original/9/m1_9_02.jpg,
m1_9_03,m1_9_03.jpg,9,1,3,digit,original/9/m1_9_03.jpg,
m1_9_04,m1_9_04.jpg,9,1,4,digit,original/9/m1_9_04.jpg,
m1_9_05,m1_9_05.jpg,9,1,5,digit,original/9/m1_9_05.jpg,
m6_0_01,m6_0_01.png,0,6,1,digit,original/0/m6_0_01.png,
m6_0_02,m6_0_02.png,0,6,2,digit,original/0/m6_0_02.png,
m6_0_03,m6_0_03.png,0,6,3,digit,original/0/m6_0_03.png,
m6_0_04,m6_0_04.png,0,6,4,digit,original/0/m6_0_04.png,
m6_0_05,m6_0_05.png,0,6,5,digit,original/0/m6_0_05.png,
m6_1_01,m6_1_01.png,1,6,1,digit,original/1/m6_1_01.png,
m6_1_02,m6_1_02.png,1,6,2,digit,original/1/m6_1_02.png,
m6_1_03,m6_1_03.png,1,6,3,digit,original/1/m6_1_03.png,
m6_1_04,m6_1_04.png,1,6,4,digit,original/1/m6_1_04.png,
m6_1_05,m6_1_05.png,1,6,5,digit,original/1/m6_1_05.png,
m6_2_01,m6_2_01.png,2,6,1,digit,original/2/m6_2_01.png,
m6_2_02,m6_2_02.png,2,6,2,digit,original/2/m6_2_02.png,
m6_2_03,m6_2_03.png,2,6,3,digit,original/2/m6_2_03.png,
m6_2_04,m6_2_04.png,2,6,4,digit,original/2/m6_2_04.png,
m6_2_05,m6_2_05.png,2,6,5,digit,original/2/m6_2_05.png,
m6_3_01,m6_3_01.png,3,6,1,digit,original/3/m6_3_01.png,
m6_3_02,m6_3_02.png,3,6,2,digit,original/3/m6_3_02.png,
m6_3_03,m6_3_03.png,3,6,3,digit,original/3/m6_3_03.png,
m6_3_04,m6_3_04.png,3,6,4,digit,original/3/m6_3_04.png,
m6_3_05,m6_3_05.png,3,6,5,digit,original/3/m6_3_05.png,
m6_4_01,m6_4_01.png,4,6,1,digit,original/4/m6_4_01.png,
m6_4_02,m6_4_02.png,4,6,2,digit,original/4/m6_4_02.png,
m6_4_03,m6_4_03.png,4,6,3,digit,original/4/m6_4_03.png,
m6_4_04,m6_4_04.png,4,6,4,digit,original/4/m6_4_04.png,
m6_4_05,m6_4_05.png,4,6,5,digit,original/4/m6_4_05.png,
m6_5_01,m6_5_01.png,5,6,1,digit,original/5/m6_5_01.png,
m6_5_02,m6_5_02.png,5,6,2,digit,original/5/m6_5_02.png,
m6_5_03,m6_5_03.png,5,6,3,digit,original/5/m6_5_03.png,
m6_5_04,m6_5_04.png,5,6,4,digit,original/5/m6_5_04.png,
m6_5_05,m6_5_05.png,5,6,5,digit,original/5/m6_5_05.png,
m6_6_01,m6_6_01.png,6,6,1,digit,original/6/m6_6_01.png,
m6_6_02,m6_6_02.png,6,6,2,digit,original/6/m6_6_02.png,
m6_6_03,m6_6_03.png,6,6,3,digit,original/6/m6_6_03.png,
m6_6_04,m6_6_04.png,6,6,4,digit,original/6/m6_6_04.png,
m6_6_05,m6_6_05.png,6,6,5,digit,original/6/m6_6_05.png,
m6_7_01,m6_7_01.png,7,6,1,digit,original/7/m6_7_01.png,
m6_7_02,m6_7_02.png,7,6,2,digit,original/7/m6_7_02.png,
m6_7_03,m6_7_03.png,7,6,3,digit,original/7/m6_7_03.png,
m6_7_04,m6_7_04.png,7,6,4,digit,original/7/m6_7_04.png,
m6_7_05,m6_7_05.png,7,6,5,digit,original/7/m6_7_05.png,
m6_8_01,m6_8_01.png,8,6,1,digit,original/8/m6_8_01.png,
m6_8_02,m6_8_02.png,8,6,2,digit,original/8/m6_8_02.png,
m6_8_03,m6_8_03.png,8,6,3,digit,original/8/m6_8_03.png,
m6_8_04,m6_8_04.png,8,6,4,digit,original/8/m6_8_04.png,
m6_8_05,m6_8_05.png,8,6,5,digit,original/8/m6_8_05.png,
m6_9_01,m6_9_01.png,9,6,1,digit,original/9/m6_9_01.png,
m6_9_02,m6_9_02.png,9,6,2,digit,original/9/m6_9_02.png,
m6_9_03,m6_9_03.png,9,6,3,digit,original/9/m6_9_03.png,
m6_9_04,m6_9_04.png,9,6,4,digit,original/9/m6_9_04.png,
m6_9_05,m6_9_05.png,9,6,5,digit,original/9/m6_9_05.png,
m8_0_01,m8_0_01.jpg,0,8,1,digit,original/0/m8_0_01.jpg,原01号图片已裁剪留白并等比缩小至640×480范围；曾用于阈值调试；完整原照见归档
m8_1_01,m8_1_01.jpg,1,8,1,digit,original/1/m8_1_01.jpg,原01号图片已裁剪留白并等比缩小至640×480范围；曾用于阈值调试；完整原照见归档
m8_2_01,m8_2_01.jpg,2,8,1,digit,original/2/m8_2_01.jpg,原01号图片已裁剪留白并等比缩小至640×480范围；曾用于阈值调试；完整原照见归档
m8_3_01,m8_3_01.jpg,3,8,1,digit,original/3/m8_3_01.jpg,原01号图片已裁剪留白并等比缩小至640×480范围；曾用于阈值调试；完整原照见归档
m8_4_01,m8_4_01.jpg,4,8,1,digit,original/4/m8_4_01.jpg,原01号图片已裁剪留白并等比缩小至640×480范围；曾用于阈值调试；完整原照见归档
m8_5_01,m8_5_01.jpg,5,8,1,digit,original/5/m8_5_01.jpg,原01号图片已裁剪留白并等比缩小至640×480范围；曾用于阈值调试；完整原照见归档
m8_6_01,m8_6_01.jpg,6,8,1,digit,original/6/m8_6_01.jpg,原01号图片已裁剪留白并等比缩小至640×480范围；曾用于阈值调试；完整原照见归档
m8_7_01,m8_7_01.jpg,7,8,1,digit,original/7/m8_7_01.jpg,原01号图片已裁剪留白并等比缩小至640×480范围；曾用于阈值调试；完整原照见归档
m8_8_01,m8_8_01.jpg,8,8,1,digit,original/8/m8_8_01.jpg,原01号图片已裁剪留白并等比缩小至640×480范围；曾用于阈值调试；完整原照见归档
m8_9_01,m8_9_01.jpg,9,8,1,digit,original/9/m8_9_01.jpg,原01号图片已裁剪留白并等比缩小至640×480范围；曾用于阈值调试；完整原照见归档
m8_0_02,m8_0_02.png,0,8,2,digit,original/0/m8_0_02.png,成员8补充照片矩形裁剪；用户已检查批准；来源与坐标见source_manifest.json
m8_0_03,m8_0_03.png,0,8,3,digit,original/0/m8_0_03.png,成员8补充照片矩形裁剪；用户已检查批准；来源与坐标见source_manifest.json
m8_0_04,m8_0_04.png,0,8,4,digit,original/0/m8_0_04.png,成员8补充照片矩形裁剪；用户已检查批准；来源与坐标见source_manifest.json
m8_0_05,m8_0_05.png,0,8,5,digit,original/0/m8_0_05.png,成员8补充照片矩形裁剪；用户已检查批准；来源与坐标见source_manifest.json
m8_1_02,m8_1_02.png,1,8,2,digit,original/1/m8_1_02.png,成员8补充照片矩形裁剪；用户已检查批准；来源与坐标见source_manifest.json
m8_1_03,m8_1_03.png,1,8,3,digit,original/1/m8_1_03.png,成员8补充照片矩形裁剪；用户已检查批准；来源与坐标见source_manifest.json
m8_1_04,m8_1_04.png,1,8,4,digit,original/1/m8_1_04.png,成员8补充照片矩形裁剪；用户已检查批准；来源与坐标见source_manifest.json
m8_1_05,m8_1_05.png,1,8,5,digit,original/1/m8_1_05.png,成员8补充照片矩形裁剪；用户已检查批准；来源与坐标见source_manifest.json
m8_2_02,m8_2_02.png,2,8,2,digit,original/2/m8_2_02.png,成员8补充照片矩形裁剪；用户已检查批准；来源与坐标见source_manifest.json
m8_2_03,m8_2_03.png,2,8,3,digit,original/2/m8_2_03.png,成员8补充照片矩形裁剪；用户已检查批准；来源与坐标见source_manifest.json
m8_2_04,m8_2_04.png,2,8,4,digit,original/2/m8_2_04.png,成员8补充照片矩形裁剪；用户已检查批准；来源与坐标见source_manifest.json
m8_2_05,m8_2_05.png,2,8,5,digit,original/2/m8_2_05.png,成员8补充照片矩形裁剪；用户已检查批准；来源与坐标见source_manifest.json
m8_3_02,m8_3_02.png,3,8,2,digit,original/3/m8_3_02.png,成员8补充照片矩形裁剪；用户已检查批准；来源与坐标见source_manifest.json
m8_3_03,m8_3_03.png,3,8,3,digit,original/3/m8_3_03.png,成员8补充照片矩形裁剪；用户已检查批准；来源与坐标见source_manifest.json
m8_3_04,m8_3_04.png,3,8,4,digit,original/3/m8_3_04.png,成员8补充照片矩形裁剪；用户已检查批准；来源与坐标见source_manifest.json
m8_3_05,m8_3_05.png,3,8,5,digit,original/3/m8_3_05.png,成员8补充照片矩形裁剪；用户已检查批准；来源与坐标见source_manifest.json
m8_4_02,m8_4_02.png,4,8,2,digit,original/4/m8_4_02.png,成员8补充照片矩形裁剪；用户已检查批准；来源与坐标见source_manifest.json
m8_4_03,m8_4_03.png,4,8,3,digit,original/4/m8_4_03.png,成员8补充照片矩形裁剪；用户已检查批准；来源与坐标见source_manifest.json
m8_4_04,m8_4_04.png,4,8,4,digit,original/4/m8_4_04.png,成员8补充照片矩形裁剪；用户已检查批准；来源与坐标见source_manifest.json
m8_4_05,m8_4_05.png,4,8,5,digit,original/4/m8_4_05.png,成员8补充照片矩形裁剪；用户已检查批准；来源与坐标见source_manifest.json
m8_5_02,m8_5_02.png,5,8,2,digit,original/5/m8_5_02.png,成员8补充照片矩形裁剪；用户已检查批准；来源与坐标见source_manifest.json
m8_5_03,m8_5_03.png,5,8,3,digit,original/5/m8_5_03.png,成员8补充照片矩形裁剪；用户已检查批准；来源与坐标见source_manifest.json
m8_5_04,m8_5_04.png,5,8,4,digit,original/5/m8_5_04.png,成员8补充照片矩形裁剪；用户已检查批准；来源与坐标见source_manifest.json
m8_5_05,m8_5_05.png,5,8,5,digit,original/5/m8_5_05.png,成员8补充照片矩形裁剪；用户已检查批准；来源与坐标见source_manifest.json
m8_6_02,m8_6_02.png,6,8,2,digit,original/6/m8_6_02.png,成员8补充照片矩形裁剪；用户已检查批准；来源与坐标见source_manifest.json
m8_6_03,m8_6_03.png,6,8,3,digit,original/6/m8_6_03.png,成员8补充照片矩形裁剪；用户已检查批准；来源与坐标见source_manifest.json
m8_6_04,m8_6_04.png,6,8,4,digit,original/6/m8_6_04.png,成员8补充照片矩形裁剪；用户已检查批准；来源与坐标见source_manifest.json
m8_6_05,m8_6_05.png,6,8,5,digit,original/6/m8_6_05.png,成员8补充照片矩形裁剪；用户已检查批准；来源与坐标见source_manifest.json
m8_7_02,m8_7_02.png,7,8,2,digit,original/7/m8_7_02.png,成员8补充照片矩形裁剪；用户已检查批准；来源与坐标见source_manifest.json
m8_7_03,m8_7_03.png,7,8,3,digit,original/7/m8_7_03.png,成员8补充照片矩形裁剪；用户已检查批准；来源与坐标见source_manifest.json
m8_7_04,m8_7_04.png,7,8,4,digit,original/7/m8_7_04.png,成员8补充照片矩形裁剪；用户已检查批准；来源与坐标见source_manifest.json
m8_7_05,m8_7_05.png,7,8,5,digit,original/7/m8_7_05.png,成员8补充照片矩形裁剪；用户已检查批准；来源与坐标见source_manifest.json
m8_8_02,m8_8_02.png,8,8,2,digit,original/8/m8_8_02.png,成员8补充照片矩形裁剪；用户已检查批准；来源与坐标见source_manifest.json
m8_8_03,m8_8_03.png,8,8,3,digit,original/8/m8_8_03.png,成员8补充照片矩形裁剪；用户已检查批准；来源与坐标见source_manifest.json
m8_8_04,m8_8_04.png,8,8,4,digit,original/8/m8_8_04.png,成员8补充照片矩形裁剪；用户已检查批准；来源与坐标见source_manifest.json
m8_8_05,m8_8_05.png,8,8,5,digit,original/8/m8_8_05.png,成员8补充照片矩形裁剪；用户已检查批准；来源与坐标见source_manifest.json
m8_9_02,m8_9_02.png,9,8,2,digit,original/9/m8_9_02.png,成员8补充照片矩形裁剪；用户已检查批准；来源与坐标见source_manifest.json
m8_9_03,m8_9_03.png,9,8,3,digit,original/9/m8_9_03.png,成员8补充照片矩形裁剪；用户已检查批准；来源与坐标见source_manifest.json
m8_9_04,m8_9_04.png,9,8,4,digit,original/9/m8_9_04.png,成员8补充照片矩形裁剪；用户已检查批准；来源与坐标见source_manifest.json
m8_9_05,m8_9_05.png,9,8,5,digit,original/9/m8_9_05.png,成员8补充照片矩形裁剪；用户已检查批准；来源与坐标见source_manifest.json
m5_0_01,m5_0_01.jpg,0,5,1,digit,original/0/m5_0_01.jpg,成员5提交40张，每类4张；用户确认按实收数量接收，不要求补齐50张
m5_0_02,m5_0_02.jpg,0,5,2,digit,original/0/m5_0_02.jpg,成员5提交40张，每类4张；用户确认按实收数量接收，不要求补齐50张
m5_0_03,m5_0_03.jpg,0,5,3,digit,original/0/m5_0_03.jpg,成员5提交40张，每类4张；用户确认按实收数量接收，不要求补齐50张
m5_0_04,m5_0_04.jpg,0,5,4,digit,original/0/m5_0_04.jpg,成员5提交40张，每类4张；用户确认按实收数量接收，不要求补齐50张
m5_1_01,m5_1_01.jpg,1,5,1,digit,original/1/m5_1_01.jpg,成员5提交40张，每类4张；用户确认按实收数量接收，不要求补齐50张
m5_1_02,m5_1_02.jpg,1,5,2,digit,original/1/m5_1_02.jpg,成员5提交40张，每类4张；用户确认按实收数量接收，不要求补齐50张
m5_1_03,m5_1_03.jpg,1,5,3,digit,original/1/m5_1_03.jpg,成员5提交40张，每类4张；用户确认按实收数量接收，不要求补齐50张
m5_1_04,m5_1_04.jpg,1,5,4,digit,original/1/m5_1_04.jpg,成员5提交40张，每类4张；用户确认按实收数量接收，不要求补齐50张
m5_2_01,m5_2_01.jpg,2,5,1,digit,original/2/m5_2_01.jpg,成员5提交40张，每类4张；用户确认按实收数量接收，不要求补齐50张
m5_2_02,m5_2_02.jpg,2,5,2,digit,original/2/m5_2_02.jpg,成员5提交40张，每类4张；用户确认按实收数量接收，不要求补齐50张
m5_2_03,m5_2_03.jpg,2,5,3,digit,original/2/m5_2_03.jpg,成员5提交40张，每类4张；用户确认按实收数量接收，不要求补齐50张
m5_2_04,m5_2_04.jpg,2,5,4,digit,original/2/m5_2_04.jpg,成员5提交40张，每类4张；用户确认按实收数量接收，不要求补齐50张
m5_3_01,m5_3_01.jpg,3,5,1,digit,original/3/m5_3_01.jpg,成员5提交40张，每类4张；用户确认按实收数量接收，不要求补齐50张
m5_3_02,m5_3_02.jpg,3,5,2,digit,original/3/m5_3_02.jpg,成员5提交40张，每类4张；用户确认按实收数量接收，不要求补齐50张
m5_3_03,m5_3_03.jpg,3,5,3,digit,original/3/m5_3_03.jpg,成员5提交40张，每类4张；用户确认按实收数量接收，不要求补齐50张
m5_3_04,m5_3_04.jpg,3,5,4,digit,original/3/m5_3_04.jpg,成员5提交40张，每类4张；用户确认按实收数量接收，不要求补齐50张
m5_4_01,m5_4_01.jpg,4,5,1,digit,original/4/m5_4_01.jpg,成员5提交40张，每类4张；用户确认按实收数量接收，不要求补齐50张
m5_4_02,m5_4_02.jpg,4,5,2,digit,original/4/m5_4_02.jpg,成员5提交40张，每类4张；用户确认按实收数量接收，不要求补齐50张
m5_4_03,m5_4_03.jpg,4,5,3,digit,original/4/m5_4_03.jpg,成员5提交40张，每类4张；用户确认按实收数量接收，不要求补齐50张
m5_4_04,m5_4_04.jpg,4,5,4,digit,original/4/m5_4_04.jpg,成员5提交40张，每类4张；用户确认按实收数量接收，不要求补齐50张
m5_5_01,m5_5_01.jpg,5,5,1,digit,original/5/m5_5_01.jpg,成员5提交40张，每类4张；用户确认按实收数量接收，不要求补齐50张
m5_5_02,m5_5_02.jpg,5,5,2,digit,original/5/m5_5_02.jpg,成员5提交40张，每类4张；用户确认按实收数量接收，不要求补齐50张
m5_5_03,m5_5_03.jpg,5,5,3,digit,original/5/m5_5_03.jpg,成员5提交40张，每类4张；用户确认按实收数量接收，不要求补齐50张
m5_5_04,m5_5_04.jpg,5,5,4,digit,original/5/m5_5_04.jpg,成员5提交40张，每类4张；用户确认按实收数量接收，不要求补齐50张
m5_6_01,m5_6_01.jpg,6,5,1,digit,original/6/m5_6_01.jpg,成员5提交40张，每类4张；用户确认按实收数量接收，不要求补齐50张
m5_6_02,m5_6_02.jpg,6,5,2,digit,original/6/m5_6_02.jpg,成员5提交40张，每类4张；用户确认按实收数量接收，不要求补齐50张
m5_6_03,m5_6_03.jpg,6,5,3,digit,original/6/m5_6_03.jpg,成员5提交40张，每类4张；用户确认按实收数量接收，不要求补齐50张
m5_6_04,m5_6_04.jpg,6,5,4,digit,original/6/m5_6_04.jpg,成员5提交40张，每类4张；用户确认按实收数量接收，不要求补齐50张
m5_7_01,m5_7_01.jpg,7,5,1,digit,original/7/m5_7_01.jpg,成员5提交40张，每类4张；用户确认按实收数量接收，不要求补齐50张
m5_7_02,m5_7_02.jpg,7,5,2,digit,original/7/m5_7_02.jpg,成员5提交40张，每类4张；用户确认按实收数量接收，不要求补齐50张
m5_7_03,m5_7_03.jpg,7,5,3,digit,original/7/m5_7_03.jpg,成员5提交40张，每类4张；用户确认按实收数量接收，不要求补齐50张
m5_7_04,m5_7_04.jpg,7,5,4,digit,original/7/m5_7_04.jpg,成员5提交40张，每类4张；用户确认按实收数量接收，不要求补齐50张
m5_8_01,m5_8_01.jpg,8,5,1,digit,original/8/m5_8_01.jpg,成员5提交40张，每类4张；用户确认按实收数量接收，不要求补齐50张
m5_8_02,m5_8_02.jpg,8,5,2,digit,original/8/m5_8_02.jpg,成员5提交40张，每类4张；用户确认按实收数量接收，不要求补齐50张
m5_8_03,m5_8_03.jpg,8,5,3,digit,original/8/m5_8_03.jpg,成员5提交40张，每类4张；用户确认按实收数量接收，不要求补齐50张
m5_8_04,m5_8_04.jpg,8,5,4,digit,original/8/m5_8_04.jpg,成员5提交40张，每类4张；用户确认按实收数量接收，不要求补齐50张
m5_9_01,m5_9_01.jpg,9,5,1,digit,original/9/m5_9_01.jpg,成员5提交40张，每类4张；用户确认按实收数量接收，不要求补齐50张
m5_9_02,m5_9_02.jpg,9,5,2,digit,original/9/m5_9_02.jpg,成员5提交40张，每类4张；用户确认按实收数量接收，不要求补齐50张
m5_9_03,m5_9_03.jpg,9,5,3,digit,original/9/m5_9_03.jpg,成员5提交40张，每类4张；用户确认按实收数量接收，不要求补齐50张
m5_9_04,m5_9_04.jpg,9,5,4,digit,original/9/m5_9_04.jpg,成员5提交40张，每类4张；用户确认按实收数量接收，不要求补齐50张
m4_0_01,m4_0_01.jpg,0,4,1,digit,original/0/m4_0_01.jpg,成员4；标签依据原文件名；超限图片仅等比缩小，原件归档
m4_0_02,m4_0_02.jpg,0,4,2,digit,original/0/m4_0_02.jpg,成员4；标签依据原文件名；超限图片仅等比缩小，原件归档
m4_0_03,m4_0_03.jpg,0,4,3,digit,original/0/m4_0_03.jpg,成员4；标签依据原文件名；超限图片仅等比缩小，原件归档
m4_0_04,m4_0_04.jpg,0,4,4,digit,original/0/m4_0_04.jpg,成员4；标签依据原文件名；超限图片仅等比缩小，原件归档
m4_0_05,m4_0_05.jpg,0,4,5,digit,original/0/m4_0_05.jpg,成员4；标签依据原文件名；超限图片仅等比缩小，原件归档
m4_1_01,m4_1_01.jpg,1,4,1,digit,original/1/m4_1_01.jpg,成员4；标签依据原文件名；超限图片仅等比缩小，原件归档
m4_1_02,m4_1_02.jpg,1,4,2,digit,original/1/m4_1_02.jpg,成员4；标签依据原文件名；超限图片仅等比缩小，原件归档
m4_1_03,m4_1_03.jpg,1,4,3,digit,original/1/m4_1_03.jpg,成员4；标签依据原文件名；超限图片仅等比缩小，原件归档
m4_1_04,m4_1_04.jpg,1,4,4,digit,original/1/m4_1_04.jpg,成员4；标签依据原文件名；超限图片仅等比缩小，原件归档
m4_1_05,m4_1_05.jpg,1,4,5,digit,original/1/m4_1_05.jpg,成员4；标签依据原文件名；超限图片仅等比缩小，原件归档
m4_2_01,m4_2_01.jpg,2,4,1,digit,original/2/m4_2_01.jpg,成员4；标签依据原文件名；超限图片仅等比缩小，原件归档
m4_2_02,m4_2_02.jpg,2,4,2,digit,original/2/m4_2_02.jpg,成员4；标签依据原文件名；超限图片仅等比缩小，原件归档
m4_2_03,m4_2_03.jpg,2,4,3,digit,original/2/m4_2_03.jpg,成员4；标签依据原文件名；超限图片仅等比缩小，原件归档
m4_2_04,m4_2_04.jpg,2,4,4,digit,original/2/m4_2_04.jpg,成员4；标签依据原文件名；超限图片仅等比缩小，原件归档
m4_2_05,m4_2_05.jpg,2,4,5,digit,original/2/m4_2_05.jpg,成员4；标签依据原文件名；超限图片仅等比缩小，原件归档
m4_3_01,m4_3_01.jpg,3,4,1,digit,original/3/m4_3_01.jpg,成员4；标签依据原文件名；超限图片仅等比缩小，原件归档
m4_3_02,m4_3_02.jpg,3,4,2,digit,original/3/m4_3_02.jpg,成员4；标签依据原文件名；超限图片仅等比缩小，原件归档
m4_3_03,m4_3_03.jpg,3,4,3,digit,original/3/m4_3_03.jpg,成员4；标签依据原文件名；超限图片仅等比缩小，原件归档
m4_3_04,m4_3_04.jpg,3,4,4,digit,original/3/m4_3_04.jpg,成员4；标签依据原文件名；超限图片仅等比缩小，原件归档
m4_3_05,m4_3_05.jpg,3,4,5,digit,original/3/m4_3_05.jpg,成员4；标签依据原文件名；超限图片仅等比缩小，原件归档
m4_4_01,m4_4_01.jpg,4,4,1,digit,original/4/m4_4_01.jpg,成员4；标签依据原文件名；超限图片仅等比缩小，原件归档
m4_4_02,m4_4_02.jpg,4,4,2,digit,original/4/m4_4_02.jpg,成员4；标签依据原文件名；超限图片仅等比缩小，原件归档
m4_4_03,m4_4_03.jpg,4,4,3,digit,original/4/m4_4_03.jpg,成员4；标签依据原文件名；超限图片仅等比缩小，原件归档
m4_4_04,m4_4_04.jpg,4,4,4,digit,original/4/m4_4_04.jpg,成员4；标签依据原文件名；超限图片仅等比缩小，原件归档
m4_4_05,m4_4_05.jpg,4,4,5,digit,original/4/m4_4_05.jpg,成员4；标签依据原文件名；超限图片仅等比缩小，原件归档
m4_5_01,m4_5_01.jpg,5,4,1,digit,original/5/m4_5_01.jpg,成员4；标签依据原文件名；超限图片仅等比缩小，原件归档
m4_5_02,m4_5_02.jpg,5,4,2,digit,original/5/m4_5_02.jpg,成员4；标签依据原文件名；超限图片仅等比缩小，原件归档
m4_5_03,m4_5_03.jpg,5,4,3,digit,original/5/m4_5_03.jpg,成员4；标签依据原文件名；超限图片仅等比缩小，原件归档
m4_5_04,m4_5_04.jpg,5,4,4,digit,original/5/m4_5_04.jpg,成员4；标签依据原文件名；超限图片仅等比缩小，原件归档
m4_5_05,m4_5_05.jpg,5,4,5,digit,original/5/m4_5_05.jpg,成员4；标签依据原文件名；超限图片仅等比缩小，原件归档
m4_6_01,m4_6_01.jpg,6,4,1,digit,original/6/m4_6_01.jpg,成员4；标签依据原文件名；超限图片仅等比缩小，原件归档
m4_6_02,m4_6_02.jpg,6,4,2,digit,original/6/m4_6_02.jpg,成员4；标签依据原文件名；超限图片仅等比缩小，原件归档
m4_6_03,m4_6_03.jpg,6,4,3,digit,original/6/m4_6_03.jpg,成员4；标签依据原文件名；超限图片仅等比缩小，原件归档
m4_6_04,m4_6_04.jpg,6,4,4,digit,original/6/m4_6_04.jpg,成员4；标签依据原文件名；超限图片仅等比缩小，原件归档
m4_6_05,m4_6_05.jpg,6,4,5,digit,original/6/m4_6_05.jpg,成员4；标签依据原文件名；超限图片仅等比缩小，原件归档
m4_7_01,m4_7_01.jpg,7,4,1,digit,original/7/m4_7_01.jpg,成员4；标签依据原文件名；超限图片仅等比缩小，原件归档
m4_7_02,m4_7_02.jpg,7,4,2,digit,original/7/m4_7_02.jpg,成员4；标签依据原文件名；超限图片仅等比缩小，原件归档
m4_7_03,m4_7_03.jpg,7,4,3,digit,original/7/m4_7_03.jpg,成员4；标签依据原文件名；超限图片仅等比缩小，原件归档
m4_7_04,m4_7_04.jpg,7,4,4,digit,original/7/m4_7_04.jpg,成员4；标签依据原文件名；超限图片仅等比缩小，原件归档
m4_7_05,m4_7_05.jpg,7,4,5,digit,original/7/m4_7_05.jpg,成员4；标签依据原文件名；超限图片仅等比缩小，原件归档
m4_8_01,m4_8_01.jpg,8,4,1,digit,original/8/m4_8_01.jpg,成员4；标签依据原文件名；超限图片仅等比缩小，原件归档
m4_8_02,m4_8_02.jpg,8,4,2,digit,original/8/m4_8_02.jpg,成员4；标签依据原文件名；超限图片仅等比缩小，原件归档
m4_8_03,m4_8_03.jpg,8,4,3,digit,original/8/m4_8_03.jpg,成员4；标签依据原文件名；超限图片仅等比缩小，原件归档
m4_8_04,m4_8_04.jpg,8,4,4,digit,original/8/m4_8_04.jpg,成员4；标签依据原文件名；超限图片仅等比缩小，原件归档
m4_8_05,m4_8_05.jpg,8,4,5,digit,original/8/m4_8_05.jpg,成员4；标签依据原文件名；超限图片仅等比缩小，原件归档
m4_9_01,m4_9_01.jpg,9,4,1,digit,original/9/m4_9_01.jpg,成员4；标签依据原文件名；超限图片仅等比缩小，原件归档
m4_9_02,m4_9_02.jpg,9,4,2,digit,original/9/m4_9_02.jpg,成员4；标签依据原文件名；超限图片仅等比缩小，原件归档
m4_9_03,m4_9_03.jpg,9,4,3,digit,original/9/m4_9_03.jpg,成员4；标签依据原文件名；超限图片仅等比缩小，原件归档
m4_9_04,m4_9_04.jpg,9,4,4,digit,original/9/m4_9_04.jpg,成员4；标签依据原文件名；超限图片仅等比缩小，原件归档
m4_9_05,m4_9_05.jpg,9,4,5,digit,original/9/m4_9_05.jpg,成员4；标签依据原文件名；超限图片仅等比缩小，原件归档
m3_0_01,m3_0_01.png,0,3,1,digit,original/0/m3_0_01.png,
m3_0_02,m3_0_02.png,0,3,2,digit,original/0/m3_0_02.png,
m3_0_03,m3_0_03.png,0,3,3,digit,original/0/m3_0_03.png,
m3_0_04,m3_0_04.png,0,3,4,digit,original/0/m3_0_04.png,
m3_0_05,m3_0_05.png,0,3,5,digit,original/0/m3_0_05.png,
m3_1_01,m3_1_01.png,1,3,1,digit,original/1/m3_1_01.png,
m3_1_02,m3_1_02.png,1,3,2,digit,original/1/m3_1_02.png,
m3_1_03,m3_1_03.png,1,3,3,digit,original/1/m3_1_03.png,
m3_1_04,m3_1_04.png,1,3,4,digit,original/1/m3_1_04.png,
m3_1_05,m3_1_05.png,1,3,5,digit,original/1/m3_1_05.png,
m3_2_01,m3_2_01.png,2,3,1,digit,original/2/m3_2_01.png,成员3提交的2_01.png与2_02.png文件及像素完全重复，保留提交记录；统计须注明重复。
m3_2_02,m3_2_02.png,2,3,2,digit,original/2/m3_2_02.png,成员3提交的2_01.png与2_02.png文件及像素完全重复，保留提交记录；统计须注明重复。
m3_2_03,m3_2_03.png,2,3,3,digit,original/2/m3_2_03.png,
m3_2_04,m3_2_04.png,2,3,4,digit,original/2/m3_2_04.png,
m3_2_05,m3_2_05.png,2,3,5,digit,original/2/m3_2_05.png,
m3_3_01,m3_3_01.png,3,3,1,digit,original/3/m3_3_01.png,
m3_3_02,m3_3_02.png,3,3,2,digit,original/3/m3_3_02.png,
m3_3_03,m3_3_03.png,3,3,3,digit,original/3/m3_3_03.png,
m3_3_04,m3_3_04.png,3,3,4,digit,original/3/m3_3_04.png,
m3_3_05,m3_3_05.png,3,3,5,digit,original/3/m3_3_05.png,
m3_4_01,m3_4_01.png,4,3,1,digit,original/4/m3_4_01.png,
m3_4_02,m3_4_02.png,4,3,2,digit,original/4/m3_4_02.png,
m3_4_03,m3_4_03.png,4,3,3,digit,original/4/m3_4_03.png,
m3_4_04,m3_4_04.png,4,3,4,digit,original/4/m3_4_04.png,
m3_4_05,m3_4_05.png,4,3,5,digit,original/4/m3_4_05.png,
m3_5_01,m3_5_01.png,5,3,1,digit,original/5/m3_5_01.png,
m3_5_02,m3_5_02.png,5,3,2,digit,original/5/m3_5_02.png,
m3_5_03,m3_5_03.png,5,3,3,digit,original/5/m3_5_03.png,
m3_5_04,m3_5_04.png,5,3,4,digit,original/5/m3_5_04.png,
m3_5_05,m3_5_05.png,5,3,5,digit,original/5/m3_5_05.png,
m3_6_01,m3_6_01.png,6,3,1,digit,original/6/m3_6_01.png,
m3_6_02,m3_6_02.png,6,3,2,digit,original/6/m3_6_02.png,
m3_6_03,m3_6_03.png,6,3,3,digit,original/6/m3_6_03.png,
m3_6_04,m3_6_04.png,6,3,4,digit,original/6/m3_6_04.png,
m3_6_05,m3_6_05.png,6,3,5,digit,original/6/m3_6_05.png,
m3_7_01,m3_7_01.png,7,3,1,digit,original/7/m3_7_01.png,
m3_7_02,m3_7_02.png,7,3,2,digit,original/7/m3_7_02.png,
m3_7_03,m3_7_03.png,7,3,3,digit,original/7/m3_7_03.png,
m3_7_04,m3_7_04.png,7,3,4,digit,original/7/m3_7_04.png,
m3_7_05,m3_7_05.png,7,3,5,digit,original/7/m3_7_05.png,
m3_8_01,m3_8_01.png,8,3,1,digit,original/8/m3_8_01.png,
m3_8_02,m3_8_02.png,8,3,2,digit,original/8/m3_8_02.png,
m3_8_03,m3_8_03.png,8,3,3,digit,original/8/m3_8_03.png,
m3_8_04,m3_8_04.png,8,3,4,digit,original/8/m3_8_04.png,
m3_8_05,m3_8_05.png,8,3,5,digit,original/8/m3_8_05.png,
m3_9_01,m3_9_01.png,9,3,1,digit,original/9/m3_9_01.png,
m3_9_02,m3_9_02.png,9,3,2,digit,original/9/m3_9_02.png,
m3_9_03,m3_9_03.png,9,3,3,digit,original/9/m3_9_03.png,
m3_9_04,m3_9_04.png,9,3,4,digit,original/9/m3_9_04.png,
m3_9_05,m3_9_05.png,9,3,5,digit,original/9/m3_9_05.png,
m7_0_01,m7_0_01.png,0,7,1,digit,original/0/m7_0_01.png,
m7_0_02,m7_0_02.png,0,7,2,digit,original/0/m7_0_02.png,
m7_0_03,m7_0_03.png,0,7,3,digit,original/0/m7_0_03.png,
m7_0_04,m7_0_04.png,0,7,4,digit,original/0/m7_0_04.png,
m7_0_05,m7_0_05.png,0,7,5,digit,original/0/m7_0_05.png,
m7_1_01,m7_1_01.png,1,7,1,digit,original/1/m7_1_01.png,
m7_1_02,m7_1_02.png,1,7,2,digit,original/1/m7_1_02.png,
m7_1_03,m7_1_03.png,1,7,3,digit,original/1/m7_1_03.png,
m7_1_04,m7_1_04.png,1,7,4,digit,original/1/m7_1_04.png,
m7_1_05,m7_1_05.png,1,7,5,digit,original/1/m7_1_05.png,
m7_2_01,m7_2_01.png,2,7,1,digit,original/2/m7_2_01.png,
m7_2_02,m7_2_02.png,2,7,2,digit,original/2/m7_2_02.png,
m7_2_03,m7_2_03.png,2,7,3,digit,original/2/m7_2_03.png,
m7_2_04,m7_2_04.png,2,7,4,digit,original/2/m7_2_04.png,
m7_2_05,m7_2_05.png,2,7,5,digit,original/2/m7_2_05.png,
m7_3_01,m7_3_01.png,3,7,1,digit,original/3/m7_3_01.png,
m7_3_02,m7_3_02.png,3,7,2,digit,original/3/m7_3_02.png,
m7_3_03,m7_3_03.png,3,7,3,digit,original/3/m7_3_03.png,
m7_3_04,m7_3_04.png,3,7,4,digit,original/3/m7_3_04.png,
m7_3_05,m7_3_05.png,3,7,5,digit,original/3/m7_3_05.png,
m7_4_01,m7_4_01.png,4,7,1,digit,original/4/m7_4_01.png,
m7_4_02,m7_4_02.png,4,7,2,digit,original/4/m7_4_02.png,
m7_4_03,m7_4_03.png,4,7,3,digit,original/4/m7_4_03.png,
m7_4_04,m7_4_04.png,4,7,4,digit,original/4/m7_4_04.png,
m7_4_05,m7_4_05.png,4,7,5,digit,original/4/m7_4_05.png,
m7_5_01,m7_5_01.png,5,7,1,digit,original/5/m7_5_01.png,
m7_5_02,m7_5_02.png,5,7,2,digit,original/5/m7_5_02.png,
m7_5_03,m7_5_03.png,5,7,3,digit,original/5/m7_5_03.png,
m7_5_04,m7_5_04.png,5,7,4,digit,original/5/m7_5_04.png,
m7_5_05,m7_5_05.png,5,7,5,digit,original/5/m7_5_05.png,
m7_6_01,m7_6_01.png,6,7,1,digit,original/6/m7_6_01.png,
m7_6_02,m7_6_02.png,6,7,2,digit,original/6/m7_6_02.png,
m7_6_03,m7_6_03.png,6,7,3,digit,original/6/m7_6_03.png,
m7_6_04,m7_6_04.png,6,7,4,digit,original/6/m7_6_04.png,
m7_6_05,m7_6_05.png,6,7,5,digit,original/6/m7_6_05.png,
m7_7_01,m7_7_01.png,7,7,1,digit,original/7/m7_7_01.png,
m7_7_02,m7_7_02.png,7,7,2,digit,original/7/m7_7_02.png,
m7_7_03,m7_7_03.png,7,7,3,digit,original/7/m7_7_03.png,
m7_7_04,m7_7_04.png,7,7,4,digit,original/7/m7_7_04.png,
m7_7_05,m7_7_05.png,7,7,5,digit,original/7/m7_7_05.png,
m7_8_01,m7_8_01.png,8,7,1,digit,original/8/m7_8_01.png,
m7_8_02,m7_8_02.png,8,7,2,digit,original/8/m7_8_02.png,
m7_8_03,m7_8_03.png,8,7,3,digit,original/8/m7_8_03.png,
m7_8_04,m7_8_04.png,8,7,4,digit,original/8/m7_8_04.png,
m7_8_05,m7_8_05.png,8,7,5,digit,original/8/m7_8_05.png,
m7_9_01,m7_9_01.png,9,7,1,digit,original/9/m7_9_01.png,
m7_9_02,m7_9_02.png,9,7,2,digit,original/9/m7_9_02.png,
m7_9_03,m7_9_03.png,9,7,3,digit,original/9/m7_9_03.png,
m7_9_04,m7_9_04.png,9,7,4,digit,original/9/m7_9_04.png,
m7_9_05,m7_9_05.png,9,7,5,digit,original/9/m7_9_05.png,
