variant,module,source,sha256,Best-caseLatency,Worst-caseLatency,Interval-min,Interval-max,EstimatedClockPeriod,DSP48E,BRAM_18K,LUT,FF
baseline,conv2d_gemm_direct_1,optimization/build/baseline/solution1/syn/report/conv2d_gemm_direct_1_csynth.xml,f4a1a91e2fa8ff7693bd3dfe5648aa743ed071d4aa0146b8745d30f73dba825f,33913,33913,33913,33913,8.702,49,0,4604,11874
baseline,conv2d_gemm_direct,optimization/build/baseline/solution1/syn/report/conv2d_gemm_direct_csynth.xml,9161b161bd266ff4aeff42f339444211bbfb62259914922984c896b5d3760f9e,14777,14777,14777,14777,8.702,72,0,8733,17549
baseline,lenet_accelerator_with_weights,optimization/build/baseline/solution1/syn/report/lenet_accelerator_with_weights_csynth.xml,3322732a98aa9e251b8f4153329c32a894ac2c9e1e511b2bc3ebb346630a91ce,30,474826,31,474827,8.702,146,14,17279,33932
baseline,member6_controller,optimization/build/baseline/solution1/syn/report/member6_controller_csynth.xml,30a8c075d7c2e705e18a1f31cade39cbbf29fde16fbdf928a625835cb043770b,29,474825,29,474825,8.702,146,0,17231,33859
straight,conv2d_gemm_direct_1,optimization/build/straight/solution1/syn/report/conv2d_gemm_direct_1_csynth.xml,4d65edd1046d13e8daac6de876cd8726c3df9b6608e024b66b9bf49cfd703cd9,33913,33913,33913,33913,8.702,49,0,4522,11874
straight,conv2d_gemm_direct,optimization/build/straight/solution1/syn/report/conv2d_gemm_direct_csynth.xml,733f9e94e383b5b79a8532c219e83fe0253686be94b8b008edbfb3b9067b6472,14777,14777,14777,14777,8.702,72,0,8499,17549
straight,lenet_accelerator_with_weights,optimization/build/straight/solution1/syn/report/lenet_accelerator_with_weights_csynth.xml,14c97d72de35f24477554d58ff2014d1dde4839a9be305e7da2b7a90ec7ff41b,64809,64809,64810,64810,8.702,146,14,16776,33919
noflatten,conv2d_gemm_direct_1,optimization/build/noflatten/solution1/syn/report/conv2d_gemm_direct_1_csynth.xml,4d65edd1046d13e8daac6de876cd8726c3df9b6608e024b66b9bf49cfd703cd9,33913,33913,33913,33913,8.702,49,0,4522,11874
noflatten,conv2d_gemm_direct,optimization/build/noflatten/solution1/syn/report/conv2d_gemm_direct_csynth.xml,733f9e94e383b5b79a8532c219e83fe0253686be94b8b008edbfb3b9067b6472,14777,14777,14777,14777,8.702,72,0,8499,17549
noflatten,lenet_accelerator_with_weights,optimization/build/noflatten/solution1/syn/report/lenet_accelerator_with_weights_csynth.xml,9b868a06f4f7a30cd7a5860dee6a2836f4f29e0edfb85b9fabf74359b0f550c6,64551,64551,64552,64552,8.702,146,13,16697,33896
optimized,conv_banked_1,optimization/build/optimized/solution1/syn/report/conv_banked_1_csynth.xml,81aa63fa8839161a981f553642b613c14d18620fcf3d87eff0841cf429e77ddc,7849,7849,7849,7849,8.702,48,0,3507,7836
optimized,conv_banked,optimization/build/optimized/solution1/syn/report/conv_banked_csynth.xml,45f6dc020f26412172926f0bf91fd19d41aba5c7c2aa483633da6056d69c8b88,2553,2553,2553,2553,8.702,128,0,8903,22732
optimized,lenet_accelerator_with_weights,optimization/build/optimized/solution1/syn/report/lenet_accelerator_with_weights_csynth.xml,893f9b88ef70d9b3836260dbe995b100245dc050bee4c561ef4a99b59128b6d7,18428,18428,18429,18429,8.727,201,25,16411,35306
optimized,relu_pool_1,optimization/build/optimized/solution1/syn/report/relu_pool_1_csynth.xml,9ed0837c38118d92fdab8871961655d93a3f57ef740dc27b8c66aa030ff16838,259,259,259,259,8.628,0,0,197,58
optimized,relu_pool,optimization/build/optimized/solution1/syn/report/relu_pool_csynth.xml,706c5ef15297fb0d9938ef3f33e50c466f683a43d0ccf14535ffc574e3268235,878,878,878,878,8.727,0,0,723,621
fc24b,conv_banked_1,optimization/build/fc24b/solution1/syn/report/conv_banked_1_csynth.xml,81aa63fa8839161a981f553642b613c14d18620fcf3d87eff0841cf429e77ddc,7849,7849,7849,7849,8.702,48,0,3507,7836
fc24b,conv_banked,optimization/build/fc24b/solution1/syn/report/conv_banked_csynth.xml,45f6dc020f26412172926f0bf91fd19d41aba5c7c2aa483633da6056d69c8b88,2553,2553,2553,2553,8.702,128,0,8903,22732
fc24b,lenet_accelerator_with_weights,optimization/build/fc24b/solution1/syn/report/lenet_accelerator_with_weights_csynth.xml,fb639ea0ecc5f11ef4c3cb778917f8e22e53d11ce0c0c850bafe96c6ad88cf07,15798,15798,15799,15799,8.727,217,25,16856,37613
fc24b,relu_pool_1,optimization/build/fc24b/solution1/syn/report/relu_pool_1_csynth.xml,9ed0837c38118d92fdab8871961655d93a3f57ef740dc27b8c66aa030ff16838,259,259,259,259,8.628,0,0,197,58
fc24b,relu_pool,optimization/build/fc24b/solution1/syn/report/relu_pool_csynth.xml,706c5ef15297fb0d9938ef3f33e50c466f683a43d0ccf14535ffc574e3268235,878,878,878,878,8.727,0,0,723,621
aggressive12b,conv1_banked_m16_6_s,optimization/build/aggressive12b/solution1/syn/report/conv1_banked_m16_6_s_csynth.xml,77b937b906f6dcb8492be3773c722859946aec1bca45eba7db899c18c62e8c06,4645,4645,4645,4645,8.535,96,0,2797,6374
aggressive12b,conv_banked,optimization/build/aggressive12b/solution1/syn/report/conv_banked_csynth.xml,eaac5460a489d2ce0b04763ad7e9ebe02addaa3e0b61cecea8c98d21e7fbdb8e,2289,2289,2289,2289,8.702,96,0,6869,16902
aggressive12b,lenet_accelerator_with_weights,optimization/build/aggressive12b/solution1/syn/report/lenet_accelerator_with_weights_csynth.xml,2d1d7aae0c377392c36b2afbbdb72d483ba50f5cf27de0e2adb6ff7d3c89a2a9,13936,13936,13937,13937,8.727,217,17,13522,37451
aggressive12b,relu_pool_1,optimization/build/aggressive12b/solution1/syn/report/relu_pool_1_csynth.xml,236072762c247b9572cf412356430f69308b5568605540d64b11961cb1b87604,195,195,195,195,8.628,0,0,195,55
aggressive12b,relu_pool,optimization/build/aggressive12b/solution1/syn/report/relu_pool_csynth.xml,706c5ef15297fb0d9938ef3f33e50c466f683a43d0ccf14535ffc574e3268235,878,878,878,878,8.727,0,0,723,621
aggressive5b,conv1_banked_m16_5_s,optimization/build/aggressive5b/solution1/syn/report/conv1_banked_m16_5_s_csynth.xml,1a34457905be0144c5c6ae2c27dbee4630f35cb6bcd0917c669aa0d7161118e3,4069,4069,4069,4069,8.535,80,0,2640,5386
aggressive5b,conv_banked,optimization/build/aggressive5b/solution1/syn/report/conv_banked_csynth.xml,a7f2bcc24a99cdc1892c5583ad20c706912bc319af9d7c7eccb377fa7f15f264,2089,2089,2089,2089,8.702,96,0,6697,16687
aggressive5b,lenet_accelerator_with_weights,optimization/build/aggressive5b/solution1/syn/report/lenet_accelerator_with_weights_csynth.xml,5104a1e033e69dd2d346f2fa05c0c6a2e3e86ccfafc60500b1a4237ce145bcd3,11025,11025,11026,11026,8.727,217,9,13729,38694
aggressive5b,relu_pool_1,optimization/build/aggressive5b/solution1/syn/report/relu_pool_1_csynth.xml,236072762c247b9572cf412356430f69308b5568605540d64b11961cb1b87604,195,195,195,195,8.628,0,0,195,55
aggressive5b,relu_pool,optimization/build/aggressive5b/solution1/syn/report/relu_pool_csynth.xml,b0b41d420ed15f1ab2ad20ff36c671ac4fdd45f562f69a896b63d7568fff50b4,733,733,733,733,8.727,0,0,689,585
